operator,stake_real_money,anomaly_type,anomaly_score,predicted_stake,deviation_pct,stake_z_score
OP_0005,459420.98,regression_deviation,-1.8322938642133169,-551993.7125023073,1.8322938642133169,
OP_0005,11229705.76,regression_deviation,-2.2258441808108405,3481168.0696794624,2.2258441808108405,
OP_0005,12030291.99,regression_deviation,-5.3789535025420925,1885935.0495666382,5.3789535025420925,
OP_0005,21462686.91,regression_deviation,-7.094089863356394,2651649.199889167,7.094089863356394,
OP_0005,10993001.87,regression_deviation,-3.421417814709067,2486306.9564312026,3.421417814709067,
OP_0005,12412053.67,regression_deviation,-3.7530345186421314,2611395.650782257,3.7530345186421314,
OP_0005,9557367.71,regression_deviation,-1.7064500841950083,3531329.7539875717,1.7064500841950083,
OP_0005,35102035.15,regression_deviation,-6.134560074386211,4919999.941695051,6.134560074386211,
OP_0005,34925571.48,regression_deviation,-12.719629365292638,2545664.3579857405,12.719629365292638,
OP_0005,12047367.91,regression_deviation,-2.3385239723350795,3608591.1048808955,2.3385239723350795,
OP_0005,5117331.62,regression_deviation,-1.5375151122258768,2016670.4014271428,1.5375151122258768,
OP_0005,8278450.01,regression_deviation,-2.1639535930104907,2616489.075025618,2.1639535930104907,
OP_0005,5931788.93,regression_deviation,-1.0774420502538948,2855333.0425149743,1.0774420502538948,
OP_0005,7733210.0,regression_deviation,-1.8429339465773793,2720151.1344679836,1.8429339465773793,
OP_0005,5731581.0,regression_deviation,-1.3467551892501868,2442342.953476669,1.3467551892501868,
OP_0005,16389196.2,regression_deviation,-1.788003265766253,5878470.947735997,1.788003265766253,
OP_0005,24552327.01,regression_deviation,-2.677128916439827,6677037.321218373,2.677128916439827,
OP_0005,13174762.78,regression_deviation,-1.234981496516945,5894797.250237598,1.234981496516945,
OP_0005,30896334.97,regression_deviation,-1.5752700698697815,11997318.390595932,1.5752700698697815,
OP_0005,51775877.44,regression_deviation,-3.4654349812856156,11594811.626860488,3.4654349812856156,
OP_0005,21000.0,regression_deviation,-1.0822180309676663,-255418.42528749723,1.0822180309676663,
OP_0005,40000.0,regression_deviation,-1.1572611649939955,-254353.95955210738,1.1572611649939955,
OP_0005,11000.0,regression_deviation,-1.04306658764973,-255418.42528749723,1.04306658764973,
OP_0005,108000.0,regression_deviation,-1.4246051454837876,-254353.95955210738,1.4246051454837876,
OP_0005,32000.0,regression_deviation,-1.1252846186173961,-255418.42528749723,1.1252846186173961,
OP_0005,30000.0,regression_deviation,-1.1164834319311485,-257547.3567582774,1.1164834319311485,
OP_0005,16000.0,regression_deviation,-1.0623823286465226,-256482.89102288755,1.0623823286465226,
OP_0005,35000.0,regression_deviation,-1.1364613439142681,-256482.89102288755,1.1364613439142681,
OP_0005,47426931.59,regression_deviation,-2.295589640187506,14391030.670706198,2.295589640187506,
OP_0005,918500.0,regression_deviation,-7.347002163179842,-144713.98880693503,7.347002163179842,
OP_0005,12000.0,regression_deviation,-1.0464015909415505,-258611.82249366725,1.0464015909415505,
OP_0005,20000.0,regression_deviation,-1.0770189690263834,-259676.28822905757,1.0770189690263834,
OP_0005,21000.0,regression_deviation,-1.081538402351804,-257547.3567582774,1.081538402351804,
OP_0005,40000.0,regression_deviation,-1.1546719698051682,-258611.82249366725,1.1546719698051682,
OP_0005,25000.0,regression_deviation,-1.09666998112823,-258611.82249366725,1.09666998112823,
OP_0005,12000.0,regression_deviation,-1.0465933727724595,-257547.3567582774,1.0465933727724595,
OP_0005,39000.0,regression_deviation,-1.1533296358691456,-254353.95955210738,1.1533296358691456,
OP_0005,50000.0,regression_deviation,-1.1925474225659585,-259676.28822905757,1.1925474225659585,
OP_0016,4013489.0,regression_deviation,-2.047454862574278,1316997.0289928047,2.047454862574278,
OP_0009,352900.0,regression_deviation,-0.9275854769682063,183078.78131301192,0.9275854769682063,
OP_0009,359500.0,regression_deviation,-1.5941973536552367,138578.50849067545,1.5941973536552367,
OP_0009,408000.0,regression_deviation,-0.9292782576242591,211478.0480149178,0.9292782576242591,
OP_0009,178500.0,regression_deviation,-0.8191321024811772,98123.71501582413,0.8191321024811772,
OP_0009,359000.0,regression_deviation,-0.8582503863061082,193192.47968172477,0.8582503863061082,
OP_0009,235000.0,regression_deviation,-0.9199881131214688,122396.59110073492,0.9199881131214688,
OP_0009,213500.0,regression_deviation,-1.0100800816027213,106214.67371079439,1.0100800816027213,
OP_0009,243700.0,regression_deviation,-0.7585699446057891,138578.50849067545,0.7585699446057891,
OP_0009,212500.0,regression_deviation,-1.3083901477481972,92055.49599459642,1.3083901477481972,
OP_0009,177700.0,regression_deviation,-1.0190883580049017,88010.01664711129,1.0190883580049017,
OP_0009,130500.0,regression_deviation,-0.8168377187980773,71828.09925717076,0.8168377187980773,
OP_0009,142000.0,regression_deviation,-1.0949323025460287,67782.61990968563,1.0949323025460287,
OP_0009,128000.0,regression_deviation,-1.1443531206071555,59691.661214715365,1.1443531206071555,
OP_0009,119000.0,regression_deviation,-0.7556122817111085,67782.61990968563,0.7556122817111085,
OP_0009,143000.0,regression_deviation,-1.0485533038346846,69805.3595834282,1.0485533038346846,
OP_0009,97500.0,regression_deviation,-0.9665995616409522,49577.962846002534,0.9665995616409522,
OP_0009,147000.0,regression_deviation,-1.0465528326690987,71828.09925717076,1.0465528326690987,
OP_0009,119500.0,regression_deviation,-2.8089706207289376,31373.305782319432,2.8089706207289376,
OP_0009,59000.0,regression_deviation,-2.06702737669376,19236.867739864032,2.06702737669376,
OP_0009,73000.0,regression_deviation,-1.0610531878060157,35418.785129804564,1.0610531878060157,
OP_0009,91500.0,regression_deviation,-1.5833748860856223,35418.785129804564,1.5833748860856223,
OP_0009,93000.0,regression_deviation,-3.374492820618975,21259.607413606598,3.374492820618975,
OP_0009,60000.0,regression_deviation,-2.119010891552976,19236.867739864032,2.119010891552976,
OP_0009,89000.0,regression_deviation,-0.9546484874451878,45532.483498517395,0.9546484874451878,
OP_0009,44000.0,regression_deviation,-1.2872746538055158,19236.867739864032,1.2872746538055158,
OP_0009,243500.0,regression_deviation,-0.9894344916811815,122396.59110073492,0.9894344916811815,
OP_0009,2000.0,regression_deviation,-0.9375889497672896,1032.2106761809341,0.9375889497672896,
OP_0009,183000.0,regression_deviation,-0.7563739620662299,104191.93403705183,0.7563739620662299,
OP_0009,326500.0,regression_deviation,-0.8436799549640269,177091.47356129417,0.8436799549640269,
OP_0003,135462.37294619033,regression_deviation,-77.81357976358775,1718.769447505474,77.81357976358775,
OP_0003,1002533.0,regression_deviation,-1.9488931306425452,-1056528.8836279511,1.9488931306425452,
OP_0003,1246832.0,regression_deviation,-5.082973277850331,204970.8165807724,5.082973277850331,
OP_0003,837458.0,regression_deviation,-3.7903241447841065,-300129.28840738535,3.7903241447841065,
OP_0003,1016241.0,regression_deviation,-5.3754954162172774,159397.9657510221,5.3754954162172774,
OP_0003,1170656.0,regression_deviation,-3.925017190199524,-400221.92140352726,3.925017190199524,
OP_0003,1489194.0,regression_deviation,-1.965373365618364,-1542609.3706719428,1.965373365618364,
OP_0003,1801789.0,regression_deviation,-1.8361365171462711,-2154898.1094014347,1.8361365171462711,
OP_0003,1361285.0,regression_deviation,-1.736543504806362,497446.8696036041,1.736543504806362,
OP_0003,3076044.0,regression_deviation,-3.2976187609286667,-1338796.5193828344,3.2976187609286667,
OP_0003,1508393.0,regression_deviation,-7.884040427439145,-219114.4889253825,7.884040427439145,
OP_0003,2307923.0,regression_deviation,-5.779370441964344,-482892.6797001809,5.779370441964344,
OP_0003,3286534.0,regression_deviation,-3.3437249786281393,-1402269.476994574,3.3437249786281393,
OP_0003,2781712.0,regression_deviation,-2.0716781116902068,-2595659.993104458,2.0716781116902068,
OP_0003,1196530.0,regression_deviation,-2.106050460079943,-1081804.1700498164,2.106050460079943,
OP_0003,1098020.0,regression_deviation,-1.716430579068168,-1532625.814811185,1.716430579068168,
OP_0003,1074667.0,regression_deviation,-3.3601740892953496,-455333.78443318605,3.3601740892953496,
OP_0003,451717.0,regression_deviation,-2.929909242607037,-234061.2656944394,2.929909242607037,
OP_0003,368909.0,regression_deviation,-22.822436994621878,-16905.032196491957,22.822436994621878,
OP_0003,880599.0,regression_deviation,-5.472281237324233,-196901.52592614293,5.472281237324233,
OP_0003,463494.0,regression_deviation,-2.0242872953514848,-452503.904035002,2.0242872953514848,
OP_0003,270130.0,regression_deviation,-1.9881491528922344,-273369.66206908226,1.9881491528922344,
OP_0003,263854.0,regression_deviation,-1.9034811618310201,-292041.5069477111,1.9034811618310201,
OP_0003,81309.94774681292,regression_deviation,-2.553496442334862,-52339.963923320174,2.553496442334862,
OP_0003,219926.0,regression_deviation,-3.2942802806200664,-95858.38393753767,3.2942802806200664,
OP_0003,6704353.0,regression_deviation,-5.503302128725621,1030915.1977402866,5.503302128725621,
OP_0003,3748545.0,regression_deviation,-2.2560094791541525,-2984487.826098591,2.2560094791541525,
OP_0003,1431826.0,regression_deviation,-2.171005926918607,-1222731.64215976,2.171005926918607,
OP_0003,447380.0,regression_deviation,-1.8766919574893615,-510304.6699335426,1.8766919574893615,
OP_0003,518199.0,regression_deviation,-2.038877599244503,-498806.59702052176,2.038877599244503,
OP_0003,2721973.0,regression_deviation,-10.203599440050205,-295750.91981460154,10.203599440050205,
OP_0003,2419067.0,regression_deviation,-2.018460375055212,-2375219.5561549067,2.018460375055212,
OP_0003,4035555.0,regression_deviation,-8.315941631739438,433188.0940785259,8.315941631739438,
OP_0003,3569347.0,regression_deviation,-4.93168678385321,-907841.1369539201,4.93168678385321,
OP_0003,1217348.0,regression_deviation,-1.9648075116864463,410599.3374617249,1.9648075116864463,
OP_0003,457364.0,regression_deviation,-4.436281305222218,-133098.5327961743,4.436281305222218,
OP_0003,1549529.0,regression_deviation,-1.760264005767236,561369.8533047736,1.760264005767236,
OP_0003,964199.0,regression_deviation,-1.7586111395869755,-1271005.5912505537,1.7586111395869755,
OP_0003,791946.0,regression_deviation,-4.514605471139037,-225329.9855426848,4.514605471139037,
OP_0004,21112054.35,regression_deviation,-1.0648916999704,10224291.351600979,1.0648916999704,
OP_0004,118000.0,regression_deviation,-1.077844636613487,-1515839.8206146387,1.077844636613487,
OP_0004,85000.0,regression_deviation,-1.0784995539979718,-1082808.6998073403,1.0784995539979718,
OP_0004,85500.0,regression_deviation,-1.1635825819257815,-522671.78444947116,1.1635825819257815,
OP_0004,137000.0,regression_deviation,-1.0998270338673886,-1372373.7417861428,1.0998270338673886,
OP_0004,225500.0,regression_deviation,-1.2126057369904781,-1060648.7068131156,1.2126057369904781,
OP_0004,116500.0,regression_deviation,-1.115259368089428,-1010763.8271069592,1.115259368089428,
OP_0004,50000.0,regression_deviation,-1.060879562928593,-821293.6754924832,1.060879562928593,
OP_0004,164500.0,regression_deviation,-1.4268360240002342,-385393.9001172725,1.4268360240002342,
OP_0004,51000.0,regression_deviation,-1.0774964296538099,-658094.833888812,1.0774964296538099,
OP_0004,116000.0,regression_deviation,-1.105597052595276,-1098515.5091837225,1.105597052595276,
OP_0004,156000.0,regression_deviation,-1.2687985388629897,-580360.29756663,1.2687985388629897,
OP_0004,58000.0,regression_deviation,-1.068798529845944,-843041.2703567306,1.068798529845944,
OP_0004,171500.0,regression_deviation,-1.0964977230245254,-1777244.0076789428,1.0964977230245254,
OP_0004,112000.0,regression_deviation,-1.058899627184467,-1901540.0496378131,1.058899627184467,
OP_0004,23377345.35,regression_deviation,-1.095414910269461,11156427.891884085,1.095414910269461,
OP_0004,23000.0,regression_deviation,-1.1268395722079962,-181331.4220445631,1.1268395722079962,
OP_0004,47000.0,regression_deviation,-1.131927366631719,-356256.63726922264,1.131927366631719,
OP_0004,51000.0,regression_deviation,-1.0667759062295923,-763748.5266714189,1.0667759062295923,
OP_0004,64000.0,regression_deviation,-1.0625318929175187,-1023477.7329452946,1.0625318929175187,
OP_0004,68500.0,regression_deviation,-1.0597511251637834,-1146421.9261517692,1.0597511251637834,
OP_0004,78000.0,regression_deviation,-1.0840613587226153,-927893.6384716732,1.0840613587226153,
OP_0004,66000.0,regression_deviation,-1.0584756804653226,-1128674.3390551805,1.0584756804653226,
OP_0004,61000.0,regression_deviation,-1.0559548105982277,-1090165.4272051477,1.0559548105982277,
OP_0004,139000.0,regression_deviation,-1.1410294805252794,-985609.529881834,1.1410294805252794,
OP_0004,60000.0,regression_deviation,-1.1062480820332157,-564716.0762981358,1.1062480820332157,
OP_0004,108000.0,regression_deviation,-1.085450371244892,-1263891.5247130175,1.085450371244892,
OP_0004,84000.0,regression_deviation,-1.0710525897831187,-1182222.9176501823,1.0710525897831187,
OP_0004,73500.0,regression_deviation,-1.0609319073439967,-1206264.5533980895,1.0609319073439967,
OP_0004,86500.0,regression_deviation,-1.0738239986520184,-1171705.6997648147,1.0738239986520184,
OP_0004,39000.0,regression_deviation,-1.0659268873798198,-591564.4064205871,1.0659268873798198,
OP_0004,133000.0,regression_deviation,-5.448927765382226,20623.583460485097,5.448927765382226,
OP_0004,155000.0,regression_deviation,-1.1560866821645333,-993037.9571821005,1.1560866821645333,
OP_0004,185000.0,regression_deviation,-1.3241573112383502,-570710.5580721302,1.3241573112383502,
OP_0004,68500.0,regression_deviation,-1.0798924457701558,-857402.7161099706,1.0798924457701558,
OP_0004,47500.0,regression_deviation,-1.0584478250624347,-812690.633898864,1.0584478250624347,
OP_0004,206000.0,regression_deviation,-1.2006391649471813,-1026718.7867046292,1.2006391649471813,
OP_0004,132500.0,regression_deviation,-1.2065664134350935,-641440.1925104517,1.2065664134350935,
OP_0004,72500.0,regression_deviation,-1.0632707183343355,-1145869.7152274298,1.0632707183343355,
OP_0004,71000.0,regression_deviation,-1.056862192903556,-1248632.81513647,1.056862192903556,
OP_0004,84500.0,regression_deviation,-1.0692196904570204,-1220750.9083339144,1.0692196904570204,
OP_0004,134000.0,regression_deviation,-6.717297294993252,17363.591796176508,6.717297294993252,
OP_0004,166000.0,regression_deviation,-1.237536036974601,-698841.329990489,1.237536036974601,
OP_0004,73500.0,regression_deviation,-1.0698210327872821,-1052691.3891968094,1.0698210327872821,
OP_0004,60000.0,regression_deviation,-1.0743585547519174,-806901.1050601793,1.0743585547519174,
OP_0004,75000.0,regression_deviation,-1.0594561244670917,-1261434.3883364229,1.0594561244670917,
OP_0004,158000.0,regression_deviation,-1.1279808585883215,-1234559.618858641,1.1279808585883215,
OP_0004,127000.0,regression_deviation,-1.0973122443912147,-1305077.2880074028,1.0973122443912147,
OP_0004,78000.0,regression_deviation,-1.1142340264910193,-682808.8127151164,1.1142340264910193,
OP_0004,49000.0,regression_deviation,-1.0711142064505352,-689032.5076478613,1.0711142064505352,
OP_0004,69000.0,regression_deviation,-1.0570274575254417,-1209943.4727423536,1.0570274575254417,
OP_0004,88000.0,regression_deviation,-1.0727614232633358,-1209432.0871310215,1.0727614232633358,
OP_0004,213000.0,regression_deviation,-1.1603979771255521,-1327946.9218821474,1.1603979771255521,
OP_0004,97000.0,regression_deviation,-1.090856665409871,-1067615.6731310273,1.090856665409871,
OP_0004,51500.0,regression_deviation,-1.159744661957057,-322389.4893830279,1.159744661957057,
OP_0004,56000.0,regression_deviation,-1.0557994280302663,-1003594.5165893976,1.0557994280302663,
OP_0004,120000.0,regression_deviation,-1.1428716332580982,-839914.8050839417,1.1428716332580982,
OP_0004,67000.0,regression_deviation,-1.0731025804531407,-916520.3141214345,1.0731025804531407,
OP_0004,59000.0,regression_deviation,-1.0639149965535213,-923101.0432832376,1.0639149965535213,
OP_0011,377664166.02,regression_deviation,-1.3499161282550585,160713891.6487357,1.3499161282550585,
OP_0011,629237464.28,regression_deviation,-0.7770052098210978,354099954.6891307,0.7770052098210978,
OP_0010,4064470.53,regression_deviation,-1.9336463590577477,1385467.1056212308,1.9336463590577477,
OP_0010,3469498.46,regression_deviation,-4.310920292251833,653276.3191836439,4.310920292251833,
OP_0010,647525.4,regression_deviation,-2.2835318020470674,197203.9374177251,2.2835318020470674,
OP_0010,1705098.56,regression_deviation,-2.4308530127583143,496989.6855561137,2.4308530127583143,
OP_0010,4857255.76,regression_deviation,-1.5290877789924062,1920556.4157742048,1.5290877789924062,
OP_0010,10957306.72,regression_deviation,-5.154191652595542,1780462.3805270568,5.154191652595542,
OP_0010,12479253.69,regression_deviation,-8.70255049818635,1286182.812687518,8.70255049818635,
OP_0010,958678.31,regression_deviation,-1.535569239997082,378091.94672242645,1.535569239997082,
OP_0010,9614180.4,regression_deviation,-5.636025496906128,1448785.9343642304,5.636025496906128,
OP_0010,1721476.86,regression_deviation,-4.605367580951913,307112.2161283232,4.605367580951913,
OP_0010,119458.51,regression_deviation,-2.997548674020029,-59802.552775643766,2.997548674020029,
OP_0010,13829600.82,regression_deviation,-18.29253495266769,716836.8933335897,18.29253495266769,
OP_0010,258505.0,regression_deviation,-2.2615411155721232,-204912.06890452,2.2615411155721232,
OP_0007,154208508.0,regression_deviation,-10.46259198969966,13453196.985339135,10.46259198969966,
OP_0007,97020201.0,regression_deviation,-1.9427714424294182,32968989.572599813,1.9427714424294182,
OP_0007,88865003.0,regression_deviation,-10.38767365440055,-9466136.795066774,10.38767365440055,
OP_0007,138739547.0,regression_deviation,-2.792812530901676,36579595.18685123,2.792812530901676,
OP_0007,133764357.0,regression_deviation,-3.229801872327803,31624260.6716671,3.229801872327803,
OP_0007,110800264.0,regression_deviation,-2.878593581260233,28567124.05634384,2.878593581260233,
OP_0007,133742727.0,regression_deviation,-2.3278852891672988,40188502.721337795,2.3278852891672988,
OP_0007,103556389.0,regression_deviation,-2.9809744494434764,26012824.326083466,2.9809744494434764,
OP_0007,126272906.0,regression_deviation,-2.4764746682209604,36322113.074570015,2.4764746682209604,
OP_0007,72276994.0,regression_deviation,-2.4909809377663557,-48476135.52208014,2.4909809377663557,
OP_0007,98981062.0,regression_deviation,-2.133912931383946,31583858.316156104,2.133912931383946,
OP_0007,118582912.0,regression_deviation,-3.9012736871185707,24194305.311220884,3.9012736871185707,
OP_0007,73131334.0,regression_deviation,-45.9331217828891,-1627559.6063269526,45.9331217828891,
OP_0007,71243429.0,regression_deviation,-3.0242044302067352,-35195767.747985706,3.0242044302067352,
OP_0007,71171844.0,regression_deviation,-2.7508644037909984,18974784.56647663,2.7508644037909984,
OP_0007,81366884.0,regression_deviation,-2.5991023973521536,22607549.0544146,2.5991023973521536,
OP_0007,78023052.0,regression_deviation,-2.8162896342948107,20444740.69757481,2.8162896342948107,
OP_0007,103346274.0,regression_deviation,-230.23216871632428,-450836.6979151666,230.23216871632428,
OP_0007,115309813.0,regression_deviation,-10.261297769059421,-12450718.665501982,10.261297769059421,
OP_0007,106268053.0,regression_deviation,-3.0803221306655137,26044035.151378438,3.0803221306655137,
OP_0007,140291805.0,regression_deviation,-3.084727546994194,34345449.821551934,3.084727546994194,
OP_0007,139857057.0,regression_deviation,-2.8890544046674536,35961712.654919505,2.8890544046674536,
OP_0007,109245126.0,regression_deviation,-2.2735198699406287,33372372.962557077,2.2735198699406287,
OP_0007,115463649.0,regression_deviation,-3.0849550000289017,28265586.524008974,3.0849550000289017,
OP_0007,97007472.0,regression_deviation,-2.524050216720345,27527267.216492712,2.524050216720345,
OP_0007,106333843.0,regression_deviation,-13.551856329143062,-8471563.106814146,13.551856329143062,
OP_0007,133481014.0,regression_deviation,-4.473500406851988,24386773.376850784,4.473500406851988,
OP_0007,215174323.0,regression_deviation,-3.0030580193452883,53752486.713942856,3.0030580193452883,
OP_0007,210130254.0,regression_deviation,-2.6872986607324494,56987587.21059483,2.6872986607324494,
OP_0007,156680357.0,regression_deviation,-2.2166383709447217,48709347.75113785,2.2166383709447217,
OP_0007,191112396.0,regression_deviation,-2.10382844057861,61573118.379047126,2.10382844057861,
OP_0007,149330238.0,regression_deviation,-2.0509357919829703,48945716.39049214,2.0509357919829703,
OP_0007,167870533.0,regression_deviation,-4.540433390761383,30299169.967447385,4.540433390761383,
OP_0007,161405519.0,regression_deviation,-3.3283056289112602,37290693.596560985,3.3283056289112602,
OP_0023,243195.0,regression_deviation,-0.9700340196132278,8115703.102687504,0.9700340196132278,
OP_0023,277753.0,regression_deviation,-0.9710299408722538,9587588.30195073,0.9710299408722538,
OP_0023,526377.0,regression_deviation,-0.9577902915184615,12470519.672748398,0.9577902915184615,
OP_0023,26203608.0,regression_deviation,-0.9891809449819735,13173064.052369285,0.9891809449819735,
OP_0023,333027.0,regression_deviation,-0.9624817779609738,8876406.767186018,0.9624817779609738,
OP_0023,24051303.0,regression_deviation,-0.9648755022231694,12240624.39212409,0.9648755022231694,
OP_0023,504226.0,regression_deviation,-0.9597984494510067,12542451.550108831,0.9597984494510067,
OP_0023,451796.0,regression_deviation,-0.9583304807068518,10842361.69900548,0.9583304807068518,
OP_0023,347529.0,regression_deviation,-0.9716986407375955,12279586.884070884,0.9716986407375955,
OP_0023,617073.0,regression_deviation,-0.953501426584509,13270794.234612424,0.953501426584509,
OP_0023,26548843.0,regression_deviation,-1.2620448657422647,11736656.245007012,1.2620448657422647,
OP_0023,34818212.0,regression_deviation,-1.4120090060289545,14435357.377592657,1.4120090060289545,
OP_0023,31091105.0,regression_deviation,-1.665318902233236,11665060.032384556,1.665318902233236,
OP_0023,776918.0,regression_deviation,-0.9377930140210249,12489240.360601697,0.9377930140210249,
OP_0023,701290.0,regression_deviation,-0.9607743751767888,17878364.03271317,0.9607743751767888,
OP_0024,3119902.07,isolation_forest,-0.5759365278709488,11863975.678214284,0.7370272702320986,-1.8415140080134436
OP_0024,2541221.76,isolation_forest,-0.5879009643824767,11863975.678214284,0.7858035258225939,-1.9633848824792623
OP_0024,20091007.25,isolation_forest,-0.5726305359917552,11863975.678214284,0.693446429335905,1.7326242392996312
OP_0024,8583202.05,isolation_forest,-0.573152046086405,11863975.678214284,0.2765323966601465,-0.6909354683156088
OP_0024,18023111.68,isolation_forest,-0.6249519626982557,11863975.678214284,0.5191460408247198,1.2971225692671866
OP_0024,11853578.65,isolation_forest,-0.621704517424274,11863975.678214284,0.000876352792375937,-0.0021896285365584573
OP_0024,11368122.44,isolation_forest,-0.5808169202366917,11863975.678214284,0.04179486300910202,-0.1044273784741056
OP_0024,29756613.39,isolation_forest,-0.6778056281603148,11863975.678214284,1.5081485496166194,3.768214274364048
OP_0024,26900344.26,isolation_forest,-0.6463633878489198,11863975.678214284,1.267397117932134,3.1666800410965923
OP_0024,15136465.72,isolation_forest,-0.5859233222722589,11863975.678214284,0.2758341832911005,0.6891909335451714
OP_0024,13162373.83,isolation_forest,-0.5879789652488795,11863975.678214284,0.10944039224304494,0.27344444839142384
OP_0024,16634621.39,isolation_forest,-0.5997876112185876,11863975.678214284,0.402111892436362,1.0047045918357473
OP_0024,19965948.54,isolation_forest,-0.6518953471352803,11863975.678214284,0.6829053836197,1.7062867018305106
OP_0024,14182875.82,isolation_forest,-0.5726293461190283,11863975.678214284,0.1954572568826058,0.48836358036501437
OP_0024,18023111.68,isolation_forest,-0.6342981893029177,11863975.678214284,0.5191460408247198,1.2971225692671866
OP_0024,28716493.37,isolation_forest,-0.5908797137740464,11863975.678214284,1.4204781052216626,3.549163558111398
OP_0001,7081448.0,isolation_forest,-0.5544795635877016,1386788.0418410043,4.10636650039119,3.149450525840423
OP_0001,6900489.0,isolation_forest,-0.5731252881090833,1386788.0418410043,3.9758786431698576,3.049370552340161
OP_0001,7718226.0,isolation_forest,-0.5846979983327555,1386788.0418410043,4.5655412125949795,3.5016227049834887
OP_0001,4773970.0,isolation_forest,-0.5438102746310742,1386788.0418410043,2.442465507318917,1.8732921855951838
OP_0001,6313141.0,isolation_forest,-0.5495756042634857,1386788.0418410043,3.5523474456984134,2.7245357981945695
OP_0001,7791139.0,isolation_forest,-0.6380346748774741,1386788.0418410043,4.618118100915423,3.541947480804667
OP_0001,5536029.0,isolation_forest,-0.5467443987618305,1386788.0418410043,2.9919791871371704,2.294751436174798
OP_0001,6843520.0,isolation_forest,-0.579033635410721,1386788.0418410043,3.9347988254319057,3.017863658456262
OP_0001,1280467.0,isolation_forest,-0.5754078739877012,1386788.0418410043,0.07666711756459897,-0.05880120386368176
OP_0001,6154577.0,isolation_forest,-0.5860360701838835,1386788.0418410043,3.4380084153520736,2.636841453519281
OP_0001,7689651.0,isolation_forest,-0.6594880656141413,1386788.0418410043,4.544936045015033,3.4858192067171965
OP_0001,6061271.0,isolation_forest,-0.5431638175089261,1386788.0418410043,3.3707263237960103,2.5852382615950575
OP_0001,7040425.0,isolation_forest,-0.6039932574518879,1386788.0418410043,4.0767851954171865,3.1267626200004193
OP_0001,6248938.0,isolation_forest,-0.5417182232187728,1386788.0418410043,3.506051257627186,2.689028116683082
OP_0001,12497876.0,isolation_forest,-0.7706771528566296,1386788.0418410043,8.012102515254373,6.145023946925193
OP_0001,5250915.0,isolation_forest,-0.7954021590544168,1386788.0418410043,2.78638612504132,2.1370681954155444
OP_0001,4200727.0,isolation_forest,-0.5521751983924963,1386788.0418410043,2.0291052945794115,1.5562582483540914
OP_0001,5594299.0,isolation_forest,-0.5416775891060053,1386788.0418410043,3.0339971439134956,2.326977852411958
OP_0001,6589752.0,isolation_forest,-0.5461831422473424,1386788.0418410043,3.751809073325942,2.8775164266788176
OP_0001,90924.0,isolation_forest,-0.6162995697301107,1386788.0418410043,0.9344355465603125,-0.7166818946136445
OP_0001,82163.0,isolation_forest,-0.7156065664379482,1386788.0418410043,0.9407530224367049,-0.7215271946420255
OP_0001,48624.0,isolation_forest,-0.6034150841811213,1386788.0418410043,0.9649376843951941,-0.7400760495275261
OP_0001,246516.0,isolation_forest,-0.6325021242384136,1386788.0418410043,0.8222395978604327,-0.6306312243687117
OP_0001,705765.0,isolation_forest,-0.5968870568847162,1386788.0418410043,0.4910794016776529,-0.37664204588064554
OP_0001,2021465.0,isolation_forest,-0.5497634752774269,1386788.0418410043,0.45765967041109057,0.351010191003373
OP_0001,3961733.0,isolation_forest,-0.568675226954033,1386788.0418410043,1.8567689369030587,1.424081826143968
OP_0001,3954912.0,isolation_forest,-0.5538065943958763,1386788.0418410043,1.8518503770408428,1.4203094495324413
OP_0022,1188180.34,isolation_forest,-0.5924722423998293,281780.19828122907,3.2166921140929277,1.9314891761512027
OP_0022,1360488.96,isolation_forest,-0.6807454508719589,281780.19828122907,3.8281922161264577,2.298669430400117
OP_0022,782415.54,isolation_forest,-0.6234329755626191,281780.19828122907,1.7766874491979554,1.0668265584060195
OP_0022,1465166.08,isolation_forest,-0.5949771825773482,281780.19828122907,4.199677226920324,2.521730653545217
OP_0022,3949629.69,isolation_forest,-0.7177285938533655,281780.19828122907,13.01670420452361,7.815986854958567
OP_0022,2359054.5,isolation_forest,-0.6196618349530368,281780.19828122907,7.371966924537258,4.4265580343562325
OP_0022,3129769.19,isolation_forest,-0.6869866384916045,281780.19828122907,10.10712963185707,6.068908926769934
OP_0022,6774438.9,isolation_forest,-0.79275675329137,281780.19828122907,23.041571910737357,13.835500933432852
OP_0022,3344858.59,isolation_forest,-0.605361340348857,281780.19828122907,10.87045296441194,6.527252685650056
OP_0022,1723149.91,isolation_forest,-0.6524596433902178,281780.19828122907,5.115227118550823,3.0714800989966906
OP_0022,3325500.0,isolation_forest,-0.6261778547134333,281780.19828122907,10.801751933899217,6.486000588116569
OP_0022,2022817.0,isolation_forest,-0.5895802308239154,281780.19828122907,6.178705289933608,3.7100542939280436
OP_0022,2215089.68,isolation_forest,-0.6723624167082167,281780.19828122907,6.861055154022012,4.119776869197466
OP_0022,2285554.42,isolation_forest,-0.5704739601433879,281780.19828122907,7.111125032706933,4.269933379932585
OP_0022,1703.55,isolation_forest,-0.6539565382718234,281780.19828122907,0.9939543303241636,-0.596828034053581
OP_0022,10000.0,isolation_forest,-0.6294533191889828,281780.19828122907,0.9645113458610759,-0.5791487524229614
OP_0022,2471715.55,isolation_forest,-0.5924507648568129,281780.19828122907,7.771785828375061,4.666632576088095
OP_0013,9300.0,isolation_forest,-0.565377890556973,39903.06220720721,0.766935180269943,-0.24659928585964824
OP_0013,25919.05,isolation_forest,-0.5362549773453201,39903.06220720721,0.35044960044899626,-0.11268308381694465
OP_0013,22200.0,isolation_forest,-0.5332362876664503,39903.06220720721,0.44365172064437997,-0.14265116569929753
OP_0013,161644.32,isolation_forest,-0.5491263933100943,39903.06220720721,3.0509251936760924,0.9809903018230588
OP_0013,1186200.0,isolation_forest,-0.6100362234480832,39903.06220720721,28.727041845569207,9.236853630164905
OP_0013,963902.68,isolation_forest,-0.5523696241210536,39903.06220720721,23.156107994786975,7.445583201429717
OP_0013,30000.0,isolation_forest,-0.5276523672690066,39903.06220720721,0.24817800087078373,-0.07979881397443432
OP_0013,1048015.18,isolation_forest,-0.5358817927083631,39903.06220720721,25.264028924845515,8.123361205847353
OP_0013,500.0,isolation_forest,-0.6112110279591608,39903.06220720721,0.9874696333478464,-0.31750963139539135
OP_0013,170000.0,isolation_forest,-0.6212033968432114,39903.06220720721,3.2603246617322257,1.0483203195487516
OP_0013,1600.0,isolation_forest,-0.7396995491661069,39903.06220720721,0.9599028267131084,-0.30864583820342345
OP_0013,400.0,isolation_forest,-0.6517651842300815,39903.06220720721,0.9899757066782772,-0.31831543077647934
OP_0013,1000.0,isolation_forest,-0.5294282217555398,39903.06220720721,0.9749392666956928,-0.3134806344899514
OP_0013,1902025.59,isolation_forest,-0.5910282894290133,39903.06220720721,46.66615604895757,15.004971804054358
OP_0013,1580230.24,isolation_forest,-0.5818397991255408,39903.06220720721,38.60172860404137,12.411946865384426
OP_0013,21000.0,isolation_forest,-0.5299644057376223,39903.06220720721,0.47372460060954863,-0.15232075827235342
OP_0013,11500.0,isolation_forest,-0.5991945395984235,39903.06220720721,0.711801567000467,-0.22887169947571245
OP_0013,2747033.32,isolation_forest,-0.672903326727498,39903.06220720721,67.8426694105656,21.81403886254003
OP_0013,8279608.5,isolation_forest,-0.7354732813264895,39903.06220720721,206.49306048257506,66.39549542120778
OP_0013,56400.0,isolation_forest,-0.5987212997354936,39903.06220720721,0.4134253583629266,0.13293222263279503
OP_0013,3568450.36,isolation_forest,-0.6916385108793695,39903.06220720721,88.42798278161905,28.43301228701132
OP_0013,5000.0,isolation_forest,-0.5466314076189595,39903.06220720721,0.874696333478464,-0.28124865924643183
OP_0013,704.48,isolation_forest,-0.5757185439736242,39903.06220720721,0.9823452146017816,-0.3158619328209426
OP_0013,2900.0,isolation_forest,-0.5513327340519659,39903.06220720721,0.9273238734175091,-0.2981704462492796
OP_0013,5500.0,isolation_forest,-0.5436196389345231,39903.06220720721,0.8621659668263103,-0.2772196623409919
OP_0028,4000.0,isolation_forest,-0.7159280390253171,90806.8691588785,0.9559504689782722,-0.7692000408870588
OP_0028,513228.0,isolation_forest,-0.6805236893188008,90806.8691588785,4.651863176804834,3.743094921668595
OP_0028,45000.0,isolation_forest,-0.7293253016565373,90806.8691588785,0.5044427760055618,-0.40589697533531816
OP_0028,1065391.0,isolation_forest,-0.6972765816301628,90806.8691588785,10.732493476192413,8.635839082259956
OP_0028,680813.0,isolation_forest,-0.6506388709878805,90806.8691588785,6.4973733408739,5.228074049485387
OP_0028,172931.0,isolation_forest,-0.5548906751304084,90806.8691588785,0.9043823622796044,0.7277060607402852
OP_0028,275450.0,isolation_forest,-0.5780096480348005,90806.8691588785,2.0333608299837334,1.6361320845768437
OP_0028,430561.0,isolation_forest,-0.5643592720646126,90806.8691588785,3.7415025315615407,3.010578469962113
OP_0028,610755.0,isolation_forest,-0.5864770455147192,90806.8691588785,5.725867829793847,4.607286582011634
OP_0028,710111.0,isolation_forest,-0.5874189595046996,90806.8691588785,6.820014130842546,5.487685103498434
OP_0028,847583.0,isolation_forest,-0.5797969820678357,90806.8691588785,8.333908412997289,6.70583142124304
OP_0028,1130347.0,isolation_forest,-0.777711616261804,90806.8691588785,11.447813810454251,9.211417470698466
OP_0020,10003802.0,isolation_forest,-0.7565303772861752,8467064.49484536,0.1814959016894445,0.43365003370026894
OP_0020,9529381.0,isolation_forest,-0.8278317466328192,8467064.49484536,0.12546455808874069,0.29977376534081823
OP_0020,15480737.0,isolation_forest,-0.5296172756707632,8467064.49484536,0.8283475943078588,1.979179468205209
OP_0020,6734906.0,isolation_forest,-0.5678448411155089,8467064.49484536,0.2045760364645712,-0.48879563825593664
OP_0020,18704001.0,isolation_forest,-0.5318597736456963,8467064.49484536,1.209030179395321,2.888748303179539
OP_0020,20002130.0,isolation_forest,-0.5731595492033335,8467064.49484536,1.3623452983235262,3.255065701374782
OP_0020,21462715.0,isolation_forest,-0.5553429868895144,8467064.49484536,1.534847232245157,3.667226354933095
OP_0020,22231673.0,isolation_forest,-0.5264714178759675,8467064.49484536,1.6256647759721632,3.8842176507761255
OP_0020,15872871.0,isolation_forest,-0.562792863081202,8467064.49484536,0.8746604575485635,2.0898352709982237
OP_0020,10947962.0,isolation_forest,-0.5786559011863724,8467064.49484536,0.2930056227474088,0.7000813626976341
OP_0020,4331869.0,isolation_forest,-0.5924555727493789,8467064.49484536,0.48838596863916817,-1.1669056424287902
OP_0020,12754858.0,isolation_forest,-0.5726017439940191,8467064.49484536,0.5064085088480185,1.2099670840160792
OP_0020,14856710.0,isolation_forest,-0.5565914706233095,8467064.49484536,0.7546470809386858,1.8030860699038207
OP_0020,20917036.0,isolation_forest,-0.594092723482902,8467064.49484536,1.4703999848748077,3.51324188071691
OP_0020,16469155.0,isolation_forest,-0.5934813285502358,8467064.49484536,0.9450843925927586,2.2580999068437
OP_0020,20351240.0,isolation_forest,-0.5704144865992303,8467064.49484536,1.4035768255207661,3.353580615442599
OP_0020,13375098.0,isolation_forest,-0.5424619927334182,8467064.49484536,0.5796617597684046,1.3849918335260414
OP_0020,11930830.0,isolation_forest,-0.5267120800251293,8467064.49484536,0.4090869400207516,0.9774356537806945
OP_0020,5143406.0,isolation_forest,-0.550947126660721,8467064.49484536,0.39253964545430836,-0.937899031853745
OP_0020,11394742.0,isolation_forest,-0.5610200177109381,8467064.49484536,0.345772434701185,0.826157651853543
OP_0020,22983906.0,isolation_forest,-0.5791463965815605,8467064.49484536,1.7145070188129907,4.09648933979671
OP_0020,35105746.0,isolation_forest,-0.6244182984714945,8467064.49484536,3.1461531350531136,7.517136201656375
OP_0025,458129.0,isolation_forest,-0.5576362011545981,128023.31982394167,2.578480862939825,1.9116281997691682
OP_0025,74400.0,isolation_forest,-0.5633249364741382,128023.31982394167,0.41885587639568117,-0.3105304043420777
OP_0025,10407.673311592054,isolation_forest,-0.6515219317147144,128023.31982394167,0.9187048630991234,-0.6811072941464538
OP_0025,124790.0,isolation_forest,-0.6616681151708999,128023.31982394167,0.025255709884637777,-0.018724019989668318
OP_0025,514500.0,isolation_forest,-0.5953382423251545,128023.31982394167,3.0187990805701888,2.2380703051934523
OP_0025,500.0,isolation_forest,-0.6297198094234218,128023.31982394167,0.9960944615349172,-0.7384822162818088
OP_0025,659945.0,isolation_forest,-0.6287173227685023,128023.31982394167,4.1548811646781205,3.08033622248133
OP_0025,485920.0,isolation_forest,-0.613932469130543,128023.31982394167,2.7955585019060565,2.072564719466287
OP_0025,1749062.0,isolation_forest,-0.6785976486617334,128023.31982394167,12.662057837629263,9.387367258534972
OP_0025,278955.0,isolation_forest,-0.6573926747122112,128023.31982394167,1.178938965054338,0.8740390529154554
OP_0025,455728.0,isolation_forest,-0.586805418997892,128023.31982394167,2.5597264672304973,1.8977241090997867
OP_0025,1263878.0,isolation_forest,-0.5975760476760057,128023.31982394167,8.872248288343808,6.577686988925141
OP_0025,3075446.0,isolation_forest,-0.67840826814594,128023.31982394167,23.02254530057,17.068401576909373
OP_0025,583796.0,isolation_forest,-0.6942216004682878,128023.31982394167,3.5600754675229425,2.6393605455205917
OP_0025,500.0,isolation_forest,-0.5897676173655078,128023.31982394167,0.9960944615349172,-0.7384822162818088
OP_0017,1669054015.0,isolation_forest,-0.6708917575997088,1110449975.575,0.5030429571001163,2.2015122871570503
OP_0017,616081052.0,isolation_forest,-0.6323477603339668,1110449975.575,0.44519693317928327,-1.9483555127157188
OP_0017,932468060.0,isolation_forest,-0.5670509973962713,1110449975.575,0.16027909360152812,-0.701443860723674
OP_0017,1942318370.0,isolation_forest,-0.6520011045339072,1110449975.575,0.7491273021949969,3.2784734129552073
OP_0017,2079198735.0,isolation_forest,-0.6419799217318456,1110449975.575,0.8723929764808847,3.817932106680786
OP_0017,579651785.0,isolation_forest,-0.5794793443758667,1110449975.575,0.4780027936874405,-2.0919267604195095
OP_0017,1940742070.0,isolation_forest,-0.5991244169132064,1110449975.575,0.7477077875525802,3.2722610629302813
OP_0017,1732810004.0,isolation_forest,-0.5674032795656705,1110449975.575,0.5604575101212793,2.4527807765647336
OP_0017,748399790.0,isolation_forest,-0.6334800006360337,1110449975.575,0.32603916748931216,-1.4268746300712503
OP_0017,1746100035.0,isolation_forest,-0.5879561897434109,1110449975.575,0.5724256593331503,2.5051580679522343
OP_0017,1471610305.0,isolation_forest,-0.5639334830946826,1110449975.575,0.32523782013502067,1.4233676213320294
OP_0017,2172874685.0,isolation_forest,-0.7479471093598578,1110449975.575,0.9567515266726606,4.18711804230057
OP_0017,916955910.0,isolation_forest,-0.6144362412521577,1110449975.575,0.17424834061057748,-0.7625787369776585
OP_0017,538539690.0,isolation_forest,-0.5913217471563506,1110449975.575,0.5150257086356909,-2.253953484011472
OP_0015,2549483.0,isolation_forest,-0.6462214724272539,666101.0927344599,2.827471577225512,7.7736418280038455
OP_0015,1473007.0,isolation_forest,-0.6028381265930042,666101.0927344599,1.2113865538833635,3.330496851320986
OP_0015,1321936.0,isolation_forest,-0.5524432065686177,666101.0927344599,0.9845876465586096,2.706952661973099
OP_0015,1878039.0,isolation_forest,-0.5969712078303326,666101.0927344599,1.8194504114838275,5.002262776614083
OP_0015,2504106.0,isolation_forest,-0.689651800601185,666101.0927344599,2.7593482840873493,7.586348669952074
OP_0015,1428846.0,isolation_forest,-0.6114832009709333,666101.0927344599,1.1450888094693565,3.148222722296937
OP_0015,1759070.0,isolation_forest,-0.6382822991251715,666101.0927344599,1.640845389967331,4.511219302601673
OP_0015,1363029.0,isolation_forest,-0.614891429774935,666101.0927344599,1.0462794835008165,2.876563648680493
OP_0015,953959.0,isolation_forest,-0.5565574779240068,666101.0927344599,0.43215348301536893,1.1881309148232984
OP_0015,791471.031367477,isolation_forest,-0.5843040097155451,666101.0927344599,0.1882145818412516,0.5174632904628885
OP_0015,872740.0,isolation_forest,-0.5432667605706643,666101.0927344599,0.3102215407232733,0.8529002251830228
OP_0015,975611.0,isolation_forest,-0.5917444733830967,666101.0927344599,0.46465905947541464,1.2774993494517872
OP_0015,690971.9359524163,isolation_forest,-0.55713057072365,666101.0927344599,0.037337940875997164,0.10265418096616162
OP_0015,435208.0,isolation_forest,-0.6461924949098163,666101.0927344599,0.3466337095869396,-0.953009156854296
OP_0015,2045601.0,isolation_forest,-0.6016139768525489,666101.0927344599,2.0710068221063187,5.693873419659477
OP_0015,816753.0,isolation_forest,-0.6840582719535724,666101.0927344599,0.226169734457405,0.6218143878679845
OP_0015,708154.0,isolation_forest,-0.5838849355892608,666101.0927344599,0.0631329203993731,0.17357299528442305
OP_0015,699905.0,isolation_forest,-0.6571400838746024,666101.0927344599,0.05074891429282787,0.1395253222172512
OP_0015,334102.0,isolation_forest,-0.5401867562407835,666101.0927344599,0.4984214803965361,-1.3703232595491048
OP_0015,353543.0,isolation_forest,-0.562184008394029,666101.0927344599,0.46923521991437517,-1.2900807074701999
OP_0015,531231.0,isolation_forest,-0.6331481188400283,666101.0927344599,0.20247691259714784,-0.5566750907942833
OP_0015,2098631.0,isolation_forest,-0.5873891612446488,666101.0927344599,2.150619362272411,5.91275426615628
OP_0015,691812.0,isolation_forest,-0.5964037918838982,666101.0927344599,0.03859910687128944,0.10612153774245157
OP_0015,1586073.0,isolation_forest,-0.6087600489739994,666101.0927344599,1.3811295572101476,3.7971757460976683
OP_0015,980212.0,isolation_forest,-0.5387620854835324,666101.0927344599,0.4715664194094933,1.2964899354357922
OP_0012,2664000.0,isolation_forest,-0.8871370688581812,85472.81661180608,30.167804052827137,79.03817316997865
OP_0012,25693.943487992885,isolation_forest,-0.5973255313942988,85472.81661180608,0.699390466975159,-1.832368864018609
OP_0012,207500.0,isolation_forest,-0.6405131027075448,85472.81661180608,1.4276724252858974,3.7404320242253575
OP_0012,180500.0,isolation_forest,-0.5574115607234347,85472.81661180608,1.1117825193450819,2.9128158992771227
OP_0012,186250.0,isolation_forest,-0.5851615728309967,85472.81661180608,1.1790553696843296,3.089067481442025
OP_0012,191500.0,isolation_forest,-0.6211876668404469,85472.81661180608,1.2404784069505994,3.249992839070848
OP_0012,189000.0,isolation_forest,-0.5811716023848548,85472.81661180608,1.211229341585709,3.173361716390456
OP_0012,262250.0,isolation_forest,-0.7226881755289044,85472.81661180608,2.0682269567769955,5.418653610925944
OP_0012,105800.0,isolation_forest,-0.5502161243531419,85472.81661180608,0.23782044624215878,0.6230779535870068
OP_0012,159600.0,isolation_forest,-0.6022366796770231,85472.81661180608,0.8672603328945987,2.2721797136690447
OP_0012,172214.46932774977,isolation_forest,-0.5388522945605387,85472.81661180608,1.0148449080589017,2.6588440923101793
OP_0012,179532.36462496294,isolation_forest,-0.5681398933543934,85472.81661180608,1.1004615472115462,2.883155505223382
OP_0012,182459.5227438482,isolation_forest,-0.5903795992171866,85472.81661180608,1.134708202872604,2.9728800703886633
OP_0012,199371.99187518528,isolation_forest,-0.6925776811593924,85472.81661180608,1.3325777689142713,3.4912886691213973
OP_0012,73504.19276311889,isolation_forest,-0.5420269761370767,85472.81661180608,0.14002842451121472,-0.36686763298568587
OP_0012,72365.8534946635,isolation_forest,-0.5466277686602851,85472.81661180608,0.1533465683794039,-0.40176051943885077
OP_0012,71227.51422620812,isolation_forest,-0.5624519058998638,85472.81661180608,0.1666647122475931,-0.4366534058920157
OP_0012,69926.55506225911,isolation_forest,-0.5717909173717927,85472.81661180608,0.18188544809695217,-0.4765309904099185
OP_0012,29271.58118885265,isolation_forest,-0.5657881862944152,85472.81661180608,0.6575334433894219,-1.722705506594377
OP_0012,33987.558158167805,isolation_forest,-0.5538593635703284,85472.81661180608,0.6023582759354953,-1.5781492627169795
OP_0012,149285.06406314851,isolation_forest,-0.5947134165583081,85472.81661180608,0.7465794387139486,1.9560016651821444
OP_0012,156115.09967388082,isolation_forest,-0.6290438034275998,85472.81661180608,0.8264883019230836,2.165358983901134
OP_0012,27645.382233916393,isolation_forest,-0.5746666402597795,85472.81661180608,0.6765593632011206,-1.7725524872417555
OP_0012,69438.69537577823,isolation_forest,-0.5828175238546874,85472.81661180608,0.18759322404046183,-0.491485084604132
OP_0012,141641.92897494812,isolation_forest,-0.5458139184430114,85472.81661180608,0.6571576155989646,1.7217208561394668
OP_0012,5500.0,isolation_forest,-0.7236136731911654,85472.81661180608,0.9356520561972412,-2.4513626883503243
OP_0012,141967.16876593538,isolation_forest,-0.5486122725094653,85472.81661180608,0.6609627995613043,1.7316902522689426
