operator,tier,stake_real_money,expected_stake_regression,regression_r2,deviation_pct,anomaly_score_if,stake_z_score,anomaly_flagged_by
OP_0005,very_high,36000.0,892617.5497567945,0.99718141510368,0.9596691774547692,-0.6378652123073139,-0.613470568523205,isolation_forest
OP_0005,very_high,60818451.97,62528682.06805124,0.99718141510368,0.027351129777371034,-0.6320830483170518,5.229696444553337,isolation_forest
OP_0005,very_high,108000.0,-254353.95955201564,0.99718141510368,0.0,-0.6457251116236828,-0.6065490309526385,isolation_forest
OP_0005,very_high,47426931.59,14391030.670706145,0.99718141510368,2.295589640187518,-0.6258725038254219,3.9423365634814282,isolation_forest
OP_0005,very_high,36056118.04,44611406.75850304,0.99718141510368,0.19177356958985348,-0.6088640826385273,2.849232213561538,isolation_forest
OP_0005,very_high,43789725.73,54975222.311613105,0.99718141510368,0.20346432649623422,-0.6333857221898723,3.5926829938720557,isolation_forest
OP_0005,very_high,58724961.22,66109582.3488955,0.99718141510368,0.11170273455855337,-0.6272634078035558,5.0284440156678025,isolation_forest
OP_0005,very_high,67380630.07,76051105.21768486,0.99718141510368,0.11400853574536411,-0.664833386460903,5.860534809329711,isolation_forest
OP_0005,very_high,71992613.76,82548232.0622653,0.99718141510368,0.12787213049339813,-0.6625881005710538,6.303896175790477,isolation_forest
OP_0005,very_high,77115989.3,88282893.61238149,0.99718141510368,0.1264900124525977,-0.6220538989230315,6.796418902015916,isolation_forest
OP_0005,very_high,91546319.1,98526211.7976425,0.99718141510368,0.07084300279379581,-0.6133971166517727,8.183642094604332,isolation_forest
OP_0005,very_high,100232072.2,108532308.05186701,0.99718141510368,0.07647709701244322,-0.6157539141244842,9.01862496141426,isolation_forest
OP_0005,very_high,107180944.19,117189557.40277335,0.99718141510368,0.08540533332995158,-0.6242303424466673,9.686637163523182,isolation_forest
OP_0005,very_high,118131121.24,119732850.39084738,0.99718141510368,0.013377524594284857,-0.6322495943079672,10.739304689299994,isolation_forest
OP_0005,very_high,129703405.57,132108782.87131685,0.99718141510368,0.01820755024031871,-0.6763873955174586,11.85177692218018,isolation_forest
OP_0005,very_high,141721250.84,142930266.45102,0.99718141510368,0.008458779522630428,-0.6813035796153979,13.00708202709074,isolation_forest
OP_0005,very_high,150105903.01,151285117.34329343,0.99718141510368,0.007794648634323932,-0.6111744691498544,13.813119318907228,isolation_forest
OP_0005,very_high,918500.0,-144713.9888068433,0.99718141510368,0.0,-0.7299658833967209,-0.528633667050636,isolation_forest
OP_0005,very_high,166798162.88,173943087.1549338,0.99718141510368,0.04107621861724071,-0.6113097109188794,15.417787427627577,isolation_forest
OP_0005,very_high,173250404.98,183423941.94998837,0.99718141510368,0.05546460762882444,-0.6158763248683848,16.038057373593425,isolation_forest
OP_0005,very_high,187970650.59,197733777.51244414,0.99718141510368,0.049375109529932,-0.636536859816316,17.45315088800429,isolation_forest
OP_0005,very_high,202243012.71,213739598.16841027,0.99718141510368,0.05378781263241565,-0.6713200107175052,18.825188257925273,isolation_forest
OP_0005,very_high,27000.0,894746.4812275746,0.99718141510368,0.9698238545035053,-0.6242511734162276,-0.6143357607195258,isolation_forest
OP_0005,very_high,213781169.3,225635554.60277522,0.99718141510368,0.052537754183486295,-0.6758774702285232,19.93437970699145,isolation_forest
OP_0005,very_high,237605635.27,239494742.00397772,0.99718141510368,0.007887883960084307,-0.6402370168244454,22.224684377964216,isolation_forest
OP_0005,very_high,249428455.22,251234413.22603095,0.99718141510368,0.007188338503635487,-0.6385066569402776,23.361241217880444,isolation_forest
OP_0005,very_high,257591555.89,265150763.3137892,0.99718141510368,0.028509091693028083,-0.6416278895513319,24.1459802175988,isolation_forest
OP_0005,very_high,278291933.75,282246824.12562156,0.99718141510368,0.01401216962448912,-0.6494539208407355,26.135958593750384,isolation_forest
OP_0005,very_high,296988268.09,297348010.9447778,0.99718141510368,0.0012098377710171495,-0.6648447200245348,27.933283323836264,isolation_forest
OP_0005,very_high,312195708.39,309765531.7573965,0.99718141510368,0.007845213180486274,-0.7147178354313652,29.395212065344566,isolation_forest
OP_0005,very_high,327012894.14,323346379.1001606,0.99718141510368,0.011339279722392183,-0.7181108420516761,30.81962467449301,isolation_forest
OP_0005,very_high,23000.0,895810.9469629647,0.99718141510368,0.9743249397900572,-0.6283115087476022,-0.6147202905845572,isolation_forest
OP_0005,very_high,344592362.66,327151395.7627798,0.99718141510368,0.05331160778499886,-0.6813600587711953,32.50958233882318,isolation_forest
OP_0005,very_high,358099779.47,344711350.34171206,0.99718141510368,0.038839536658761116,-0.6939491374494675,33.80808362954147,isolation_forest
OP_0005,very_high,367928806.37,353305589.3809867,0.99718141510368,0.041389713122382515,-0.7000797736723512,34.7529722263534,isolation_forest
OP_0005,very_high,379736489.9,366835715.46403,0.99718141510368,0.03516771647943569,-0.7110592617476705,35.88807396488471,isolation_forest
OP_0005,very_high,391099409.16,375308624.05155337,0.99718141510368,0.04207413338382972,-0.7236783461385332,36.980419417237556,isolation_forest
OP_0005,very_high,404240693.86,384355508.0111506,0.99718141510368,0.05173644044219739,-0.7639282915880523,38.24372352524534,isolation_forest
OP_0016,high,4013489.0,755991.1130643147,0.9913314000282686,4.308910290931633,-0.5839694873796786,-1.6766243598543529,isolation_forest
OP_0016,high,26276158.0,23621603.70479407,0.9913314000282686,0.11237824190011193,-0.5760171697361521,0.42681398469549586,isolation_forest
OP_0016,high,15323929.0,14835770.84121698,0.9913314000282686,0.032904131777690415,-0.5685971583352123,-0.6079828061515874,isolation_forest
OP_0016,high,57297611.0,58149672.6000788,0.9913314000282686,0.014652904513131244,-0.5694086574714893,3.3578063892383176,isolation_forest
OP_0016,high,58334249.0,63086807.07077361,0.9913314000282686,0.0753336282408773,-0.585363027640424,3.455750805454427,isolation_forest
OP_0016,high,52062131.0,50527373.11021017,0.9913314000282686,0.030374780941851406,-0.5816323047423642,2.863143804796001,isolation_forest
OP_0016,high,39903532.0,35057491.084125906,0.9913314000282686,0.13823125289386123,-0.6390535248224459,1.7143658504273922,isolation_forest
OP_0016,high,67200034.0,68411974.8953617,0.9913314000282686,0.017715332691614426,-0.6404533646850448,4.293414614925559,isolation_forest
OP_0016,high,62522797.0,61997218.66338038,0.9913314000282686,0.008477450246168286,-0.5848517852978783,3.851496368180422,isolation_forest
OP_0016,high,62999922.0,69564731.83832754,0.9913314000282686,0.09436980011055802,-0.6192996710560073,3.896576453598004,isolation_forest
OP_0016,high,44949761.0,45414920.10864584,0.9913314000282686,0.01024242930589868,-0.5861231592304771,2.1911474786310654,isolation_forest
OP_0016,high,65738737.0,70808514.22865172,0.9913314000282686,0.07159841275980763,-0.6703230877561547,4.155347245618866,isolation_forest
OP_0016,high,62168704.0,66326501.22476646,0.9913314000282686,0.06268681670206859,-0.6584722363207357,3.8180406853179276,isolation_forest
OP_0016,high,41223842.0,40747421.72804217,0.9913314000282686,0.011692034777993316,-0.6397398081984769,1.8391123792776667,isolation_forest
OP_0016,high,53965488.0,50604535.16514407,0.9913314000282686,0.06641604006217454,-0.605048589949745,3.0429782216472496,isolation_forest
OP_0016,high,72663253.0,76881623.67789939,0.9913314000282686,0.0548683869577538,-0.7108529805160162,4.80959460795664,isolation_forest
OP_0016,high,47688429.0,57140084.604096025,0.9913314000282686,0.1654119987672978,-0.565286389568679,2.4499043816866535,isolation_forest
OP_0016,high,52548009.0,53014618.65499246,0.9913314000282686,0.008801528084716684,-0.6055620730079393,2.9090508977853093,isolation_forest
OP_0016,high,59542566.0,68460013.32848814,0.9913314000282686,0.13025775039949256,-0.582321563910898,3.5699159269037657,isolation_forest
OP_0016,high,23251210.0,24273532.208060168,0.9913314000282686,0.0421167467222055,-0.57430609752909,0.14100855797557402,isolation_forest
OP_0016,high,58678130.0,63157116.843305886,0.9913314000282686,0.07091816515972926,-0.5776506385247643,3.4882416304027806,isolation_forest
OP_0016,high,35279322.0,36762646.31734647,0.9913314000282686,0.040348681771762485,-0.5879599225464796,1.2774577408359116,isolation_forest
OP_0016,high,52920347.0,59066967.09494453,0.9913314000282686,0.10406188767174082,-0.614983844664935,2.9442304185486554,isolation_forest
OP_0016,high,47390673.0,48565668.73153296,0.9913314000282686,0.0241939576293748,-0.5941461710979041,2.4217715739033734,isolation_forest
OP_0009,zero,581500.0,-596507.295132624,0.9528085605747424,0.0,-0.6212249626464467,2.5449714231009932,isolation_forest
OP_0009,zero,399200.0,-837522.5610011239,0.9528085605747424,0.0,-0.5808721526750561,1.4795188583752164,isolation_forest
OP_0009,zero,391600.0,-721478.1737311054,0.9528085605747424,0.0,-0.5850988162735407,1.435100649423401,isolation_forest
OP_0009,zero,456000.0,-706600.6881836671,0.9528085605747424,0.0,-0.5792562084467766,1.811486525278256,isolation_forest
OP_0009,zero,445500.0,-983321.9193660207,0.9528085605747424,0.0,-0.5819963676750453,1.7501192629106166,isolation_forest
OP_0009,zero,510500.0,-840498.0581106115,0.9528085605747424,0.0,-0.5913005641311704,2.1300118394721936,isolation_forest
OP_0009,zero,659400.0,-664943.72865084,0.9528085605747424,0.0,-0.6380398423511587,3.0002580648570985,isolation_forest
OP_0009,zero,544000.0,-730404.6650595684,0.9528085605747424,0.0,-0.5967603012173709,2.3258026289308527,isolation_forest
OP_0009,zero,1045000.0,2146614.4094362874,0.9528085605747424,0.5131869070633777,-0.5819426034622894,5.253897719043931,isolation_forest
OP_0009,zero,1948800.0,1319712.8433774319,0.9528085605747424,0.47668487866845144,-0.705786883166929,10.536157883603213,isolation_forest
OP_0009,zero,399500.0,1167675.8604148459,0.9528085605747424,0.6578673812284963,-0.5766129060130376,1.4812722087285775,isolation_forest
OP_0009,zero,852000.0,1566392.4730861932,0.9528085605747424,0.4560750165497524,-0.5847048306545973,4.125908991714941,isolation_forest
OP_0009,zero,2086500.0,1209619.4503263868,0.9528085605747424,0.7249226601283635,-0.7005535983402443,11.34094569579597,isolation_forest
OP_0009,zero,1357000.0,2378703.1839763243,0.9528085605747424,0.4295210898353485,-0.6978019689933669,7.0773820865395,isolation_forest
OP_0009,zero,1098500.0,2140663.415217312,0.9528085605747424,0.486841325828664,-0.5842308500640555,5.5665785320599985,isolation_forest
OP_0009,zero,1823500.0,1028114.12664764,0.9528085605747424,0.7736357790801549,-0.6799102203524886,9.80384188601605,isolation_forest
OP_0009,zero,1031000.0,2170418.3863121886,0.9528085605747424,0.524976379438161,-0.6029456756475906,5.172074702553745,isolation_forest
OP_0009,zero,1637000.0,2396556.166633252,0.9528085605747424,0.31693651799544403,-0.7129862399685244,8.713842416343217,isolation_forest
OP_0009,zero,2501500.0,1408977.7566620614,0.9528085605747424,0.7754006322471536,-0.7780118505178505,13.766413684612191,isolation_forest
OP_0009,zero,1517500.0,2417384.6463996656,0.9528085605747424,0.3722554653186491,-0.704355758837453,8.015424525587703,isolation_forest
OP_0009,zero,1100500.0,2140663.415217312,0.9528085605747424,0.48590703602589413,-0.5849045276943109,5.5782675344157395,isolation_forest
OP_0009,zero,990000.0,1988913.06263344,0.9528085605747424,0.5022406868356625,-0.5839296071655986,4.932450154261058,isolation_forest
OP_0009,zero,2204000.0,1111428.0457132943,0.9528085605747424,0.9830343570154494,-0.710097726524557,12.027674584195744,isolation_forest
OP_0009,zero,1498000.0,748417.3983558007,0.9528085605747424,1.001556889632655,-0.6777091054172627,7.901456752619229,isolation_forest
OP_0009,zero,752500.0,-257300.6246510297,0.9528085605747424,0.0,-0.6627697738972674,3.544381124516834,isolation_forest
OP_0009,zero,747000.0,-444756.94254875183,0.9528085605747424,0.0,-0.6499146523881106,3.512236368038547,isolation_forest
OP_0009,zero,817500.0,1489029.5482395142,0.9528085605747424,0.4509847027773669,-0.5927770862831792,3.9242737010784112,isolation_forest
OP_0009,zero,316000.0,1155773.8719768953,0.9528085605747424,0.7265901162313894,-0.5793590566460437,0.9932563603763976,isolation_forest
OP_0009,zero,1084500.0,1982962.0684144646,0.9528085605747424,0.45309090008607994,-0.6127929088951265,5.4847555155698124,isolation_forest
OP_0009,zero,1331000.0,525255.1151442267,0.9528085605747424,1.5340067362019474,-0.7005535983402443,6.92542505591487,isolation_forest
OP_0009,zero,1121500.0,2119834.9354508985,0.9528085605747424,0.4709493738193102,-0.6105094622226624,5.701002059151018,isolation_forest
OP_0009,zero,973000.0,2140663.415217312,0.9528085605747424,0.5454680109524717,-0.5890777377943944,4.833093634237261,isolation_forest
OP_0009,zero,1667000.0,935873.7162535228,0.9528085605747424,0.7812232260067226,-0.6716801143579694,8.889177451679329,isolation_forest
OP_0009,zero,1511000.0,935873.7162535228,0.9528085605747424,0.614534069883718,-0.6622041514502502,7.977435267931544,isolation_forest
OP_0002,high,33534105.0,28656225.66474732,0.948983286094866,0.17022057937146312,-0.5454049155185112,1.343183824334237,isolation_forest
OP_0002,high,43396940.0,35282270.0196487,0.948983286094866,0.22999285408314823,-0.5587313780662747,2.5769942142563194,isolation_forest
OP_0002,high,12370493.0,17283358.865358748,0.948983286094866,0.28425411423966124,-0.5763478035511324,-1.3043190867333878,isolation_forest
OP_0002,high,42471138.0,30514221.076065727,0.948983286094866,0.3918473584538868,-0.5869224765550531,2.461179225299225,isolation_forest
OP_0002,high,26168174.0,29186541.799578287,0.948983286094866,0.10341642460779299,-0.557062104953611,0.4217284619309167,isolation_forest
OP_0002,high,24167415.0,21518354.92078872,0.948983286094866,0.1231069981400875,-0.5989454513820095,0.17143965126642566,isolation_forest
OP_0002,high,8435982.0,17041576.56244455,0.948983286094866,0.5049764340119309,-0.5619642088063519,-1.7965143380037092,isolation_forest
OP_0002,high,14737395.0,22947062.88493847,0.948983286094866,0.3577655199754112,-0.5708974811143575,-1.008226910444587,isolation_forest
OP_0002,high,9049711.0,16953160.669805195,0.948983286094866,0.4661932853548548,-0.545965140011746,-1.7197387236092183,isolation_forest
OP_0002,high,9413660.0,16684902.914839935,0.948983286094866,0.43579773595042764,-0.6203245245027748,-1.6742098206516252,isolation_forest
OP_0002,high,9170146.0,16837662.876370445,0.948983286094866,0.45537892833873317,-0.5766969631439764,-1.7046726747185832,isolation_forest
OP_0002,high,43540881.0,33556045.70920918,0.948983286094866,0.29755697013043947,-0.5430376149956931,2.5950007916081432,isolation_forest
OP_0002,high,46998370.0,35406909.1215333,0.948983286094866,0.32737850227703624,-0.5473496037318486,3.027522054636604,isolation_forest
OP_0002,high,30922665.0,24710344.41441755,0.948983286094866,0.25140566563523076,-0.5715248488668078,1.0165006947210862,isolation_forest
OP_0002,high,48460356.0,35827866.25953798,0.948983286094866,0.3525883916433075,-0.5960355638939662,3.210412016470156,isolation_forest
OP_0002,high,47086541.0,35214413.69692329,0.948983286094866,0.33713829244057475,-0.549845457376606,3.0385519761439412,isolation_forest
OP_0002,high,37422021.0,26640674.25637096,0.948983286094866,0.40469496529543514,-0.5970926432370627,1.8295501841024278,isolation_forest
OP_0002,high,54096188.0,37759357.67925865,0.948983286094866,0.4326564678221533,-0.6317599903777888,3.915437303566143,isolation_forest
OP_0002,high,48148590.0,36924993.87489397,0.948983286094866,0.3039566144041306,-0.5876001353960899,3.1714110466653844,isolation_forest
OP_0002,high,45017929.0,33562364.85565888,0.948983286094866,0.341321721327084,-0.5487697624496071,2.779774963417124,isolation_forest
OP_0002,high,42232907.0,27695811.291754283,0.948983286094866,0.5248842705890968,-0.5982537920271045,2.431377258318988,isolation_forest
OP_0002,high,40867554.0,26995910.28816262,0.948983286094866,0.5138424140459501,-0.6498241917017488,2.2605757882232917,isolation_forest
OP_0002,high,45518341.0,37892870.34071219,0.948983286094866,0.2012376098913517,-0.5453871131271802,2.842374968876172,isolation_forest
OP_0002,high,35021281.0,28372081.695483103,0.948983286094866,0.23435711823625066,-0.5450340835387684,1.5292249778608613,isolation_forest
OP_0002,high,46365026.0,37424306.526376694,0.948983286094866,0.23890140669198176,-0.5527003322130731,2.9482926639396276,isolation_forest
OP_0002,high,33463208.0,28819840.13281028,0.948983286094866,0.16111705844972488,-0.5564373425461122,1.3343148272138041,isolation_forest
OP_0002,high,44109076.0,37037245.8121778,0.948983286094866,0.1909383387653785,-0.5479011598127176,2.6660802423443437,isolation_forest
OP_0002,high,28870865.0,26744711.05931391,0.948983286094866,0.07949810846603458,-0.5465922464518436,0.7598268115990295,isolation_forest
OP_0002,high,45927536.0,35347974.89405145,0.948983286094866,0.29929751669391785,-0.5460780493707121,2.8935640075759137,isolation_forest
OP_0002,high,47521882.0,32077558.612825327,0.948983286094866,0.48146816824768224,-0.5430900521891437,3.0930117992028356,isolation_forest
OP_0002,high,55095069.0,35544348.601009294,0.948983286094866,0.550037380581946,-0.7736665084868894,4.040394251147215,isolation_forest
OP_0002,high,29688069.0,29947093.810570985,0.948983286094866,0.008649413936772463,-0.7487030058197008,0.8620565240382912,isolation_forest
OP_0002,high,20943240.0,25412855.249346733,0.948983286094866,0.17588008924977566,-0.7665169849444241,-0.23189474639175572,isolation_forest
OP_0002,high,52308316.0,34842084.562253736,0.948983286094866,0.5012969705224914,-0.6334532961856297,3.6917800032614365,isolation_forest
OP_0003,noise,1016241.0,-941372.3470854759,0.9444577605387992,0.0,-0.5866357889905718,0.3273753485152434,isolation_forest
OP_0003,noise,2481160.0,43897225.818818286,0.9444577605387992,0.9434779771678339,-0.6389732401732823,2.3636908855335297,isolation_forest
OP_0003,noise,2884341.0,17954427.199435443,0.9444577605387992,0.839352101408688,-0.6133032623102959,2.9241339779711115,isolation_forest
OP_0003,noise,989840.0,6119004.867679656,0.9444577605387992,0.8382351344042401,-0.5370127737999637,0.29067655049786517,isolation_forest
OP_0003,noise,1661456.0,9590586.494920269,0.9444577605387992,0.8267617938819484,-0.5871493646346043,1.2242586091032033,isolation_forest
OP_0003,noise,1268477.0,8318384.734598562,0.9444577605387992,0.8475092171772197,-0.56156743796785,0.6779968407583944,isolation_forest
OP_0003,noise,2710136.0,5240248.821418136,0.9444577605387992,0.4828230314325852,-0.6475778319356787,2.6819797372750247,isolation_forest
OP_0003,noise,2472053.0,11754938.421478704,0.9444577605387992,0.7897008974982763,-0.561477586143702,2.3510316698392657,isolation_forest
OP_0003,noise,2709879.0,8553495.269707084,0.9444577605387992,0.6831846029543897,-0.599061753787211,2.681622493568708,isolation_forest
OP_0003,noise,5109623.0,14810960.376099065,0.9444577605387992,0.6550106900396839,-0.6811023164040436,6.017394636647206,isolation_forest
OP_0003,noise,4631152.0,5868831.561149985,0.9444577605387992,0.21089028510258762,-0.6287714193625238,5.352294428845494,isolation_forest
OP_0003,noise,3023370.0,3113843.016999051,0.9444577605387992,0.02905509895814974,-0.5549192039339725,3.1173917026617706,isolation_forest
OP_0003,noise,4395098.0,11502356.108236134,0.9444577605387992,0.6178958503247053,-0.6710782884682633,5.024166779620305,isolation_forest
OP_0003,noise,3642872.0,7255859.714988634,0.9444577605387992,0.49794067924510493,-0.6261191616693608,3.9785325219247487,isolation_forest
OP_0003,noise,2546746.0,6865779.114344209,0.9444577605387992,0.629066715141002,-0.5529655787554647,2.4548589233642093,isolation_forest
OP_0003,noise,1748533.0,3500628.565792963,0.9444577605387992,0.5005088465865495,-0.5472839763353461,1.3453002830912815,isolation_forest
OP_0003,noise,552769.0,-2915969.119825214,0.9444577605387992,0.0,-0.603147349817095,-0.316875449360229,isolation_forest
OP_0003,noise,2307923.0,909672.0813771933,0.9444577605387992,1.537093362814798,-0.5365734370675043,2.1228822164627914,isolation_forest
OP_0003,noise,732186.0,-2465497.1171204,0.9444577605387992,0.0,-0.5318113463475492,-0.06747625069790712,isolation_forest
OP_0003,noise,3286534.0,-478780.36718665063,0.9444577605387992,0.0,-0.6910131685859876,3.4832036977167053,isolation_forest
OP_0003,noise,2781712.0,-1227322.123310089,0.9444577605387992,0.0,-0.5529455240083379,2.7814741945642134,isolation_forest
OP_0003,noise,1196530.0,-2083076.3583247662,0.9444577605387992,0.0,-0.5626012098071245,0.5779866736830443,isolation_forest
OP_0003,noise,1585649.0,-2573986.571099505,0.9444577605387992,0.0,-0.5892010585183085,1.1188828361664436,isolation_forest
OP_0003,noise,2837436.0,-3069755.464135587,0.9444577605387992,0.0,-0.601808052817428,2.8589335264349907,isolation_forest
OP_0003,noise,14563043.0,56080920.98707077,0.9444577605387992,0.7403209015886624,-0.8251826580304059,19.15815260617276,isolation_forest
OP_0003,noise,2075117.0,-9787280.271379694,0.9444577605387992,0.0,-0.579495251245497,1.7992694604598458,isolation_forest
OP_0003,noise,10243717.0,37609124.43244314,0.9444577605387992,0.7276268151788358,-0.7658450242396923,13.15405910800184,isolation_forest
OP_0003,noise,3438346.0,21025910.853467718,0.9444577605387992,0.836471008368566,-0.592480212265232,3.6942304741499554,isolation_forest
OP_0003,noise,11270014.0,41486476.31204942,0.9444577605387992,0.7283448727910711,-0.7789092074293323,14.580666672444146,isolation_forest
OP_0003,noise,6704353.0,386827.941102013,0.9444577605387992,16.331615138504045,-0.623239887143212,8.23415438674204,isolation_forest
OP_0003,noise,3131792.0,-5512800.106165573,0.9444577605387992,0.0,-0.5685663540085765,3.268104065020779,isolation_forest
OP_0003,noise,3748545.0,-1642831.9306719005,0.9444577605387992,0.0,-0.6057980687384723,4.125423627674167,isolation_forest
OP_0003,noise,4035555.0,2006624.9934473783,0.9444577605387992,1.011115685879564,-0.5446186839316601,4.524382834483294,isolation_forest
OP_0003,noise,4847422.0,10934115.503692463,0.9444577605387992,0.5566699475268009,-0.6909980653328045,5.65292126295096,isolation_forest
OP_0003,noise,2850789.0,5054360.673916429,0.9444577605387992,0.43597436274941703,-0.6137369625466779,2.8774949085768053,isolation_forest
OP_0003,noise,4477489.0,6717929.1107687205,0.9444577605387992,0.333501600541949,-0.6753719190947342,5.138694663694765,isolation_forest
OP_0003,noise,3569347.0,549178.0049642473,0.9444577605387992,5.49943546124425,-0.5718790240783813,3.8763288506915474,isolation_forest
OP_0003,noise,3037598.0,5548911.501961604,0.9444577605387992,0.452577681419829,-0.5283143145468912,3.1371693814690604,isolation_forest
OP_0003,noise,775721.0,-11023392.005437553,0.9444577605387992,0.0,-0.6156139326577355,-0.006960278890529996,isolation_forest
OP_0006,noise,1737816046.73,1838530461.4509695,0.9270117292615528,0.054779845552020694,-0.5802893005396562,-1.439539055670886,isolation_forest
OP_0006,noise,7132371755.65,9214396674.640682,0.9270117292615528,0.2259534717797323,-0.604883572479101,1.446414184232277,isolation_forest
OP_0006,noise,9103962484.85,11444983849.359375,0.9270117292615528,0.20454562411989874,-0.6249546501595583,2.501166226794261,isolation_forest
OP_0006,noise,3287254334.65,3675640295.7121277,0.9270117292615528,0.10566484471160166,-0.5616901512412515,-0.6106280779496163,isolation_forest
OP_0006,noise,6193022981.35,6414185375.378193,0.9270117292615528,0.034480199913952805,-0.5652689966809844,0.9438859344808478,isolation_forest
OP_0006,noise,3167375269.18,2969060874.239088,0.9270117292615528,0.06679364396384627,-0.5567869486733422,-0.67476039876663,isolation_forest
OP_0006,noise,4711695254.36,4497176418.76648,0.9270117292615528,0.04770078280637233,-0.5623237935599422,0.15141241418772766,isolation_forest
OP_0006,noise,11094089505.4,10180204551.156857,0.9270117292615528,0.08977078502212327,-0.5770226890956885,3.5658347245684627,isolation_forest
OP_0006,noise,11941273315.1,12783253347.892668,0.9270117292615528,0.06586586449305322,-0.591081397494258,4.019057008723297,isolation_forest
OP_0006,noise,9982097693.54,8457713924.657825,0.9270117292615528,0.180235910372654,-0.553394136757531,2.9709467402110574,isolation_forest
OP_0006,noise,7220540976.18,7524611626.424499,0.9270117292615528,0.040410145445471286,-0.6197646374191942,1.4935825260528186,isolation_forest
OP_0006,noise,12649712311.4,12038808487.490585,0.9270117292615528,0.050744542081901114,-0.5998176704245015,4.398054265766184,isolation_forest
OP_0006,noise,11238106415.31,9402102086.688475,0.9270117292615528,0.1952759406027877,-0.5747040238934051,3.64288019229222,isolation_forest
OP_0006,noise,13281827332.62,12477096766.4889,0.9270117292615528,0.06449661978197158,-0.582865037505495,4.736220092928721,isolation_forest
OP_0006,noise,12242416422.88,12093397682.008396,0.9270117292615528,0.01232232204629319,-0.6061321142690927,4.180161087440131,isolation_forest
OP_0006,noise,13405697003.12,11463477558.864609,0.9270117292615528,0.1694267236344429,-0.5816992204918163,4.802487288263103,isolation_forest
OP_0006,noise,13180321266.48,13708900678.691187,0.9270117292615528,0.03855738870679832,-0.622262374847221,4.6819168701513245,isolation_forest
OP_0006,noise,10478020886.58,9858611079.849792,0.9270117292615528,0.06282931761008721,-0.57469251493553,3.2362533239080933,isolation_forest
OP_0006,noise,7766166879.11,7949725723.1426325,0.9270117292615528,0.023089959380393512,-0.5588237846594049,1.7854788243396646,isolation_forest
OP_0006,noise,10270151858.21,9658281002.669973,0.9270117292615528,0.06335194175556476,-0.7207553629765504,3.1250485596477153,isolation_forest
OP_0006,noise,13042779046.27,10413486076.049582,0.9270117292615528,0.25248921936599517,-0.6838792901466878,4.608335200509435,isolation_forest
OP_0006,noise,13896795190.79,12596853125.287037,0.9270117292615528,0.10319577854674264,-0.6293244765060806,5.065212613997215,isolation_forest
OP_0006,noise,11812367184.34,10953150416.718943,0.9270117292615528,0.07844471544091505,-0.569236317713264,3.9500954323148694,isolation_forest
OP_0006,noise,9822527250.24,8095181633.864443,0.9270117292615528,0.213379476150304,-0.5873177398077929,2.885580518656805,isolation_forest
OP_0006,noise,14974548125.51,13869706223.343937,0.9270117292615528,0.07965863763621157,-0.7006089684496207,5.641783649982125,isolation_forest
OP_0006,noise,11453464561.37,10695202095.41513,0.9270117292615528,0.07089744159953047,-0.6068895399216043,3.7580914483987637,isolation_forest
OP_0006,noise,12130916022.67,8978426368.704384,0.9270117292615528,0.35111828337247153,-0.6269069945355887,4.120511144312383,isolation_forest
OP_0006,noise,13046983761.62,11976387777.889753,0.9270117292615528,0.08939222773887898,-0.5960297272049713,4.610584618726978,isolation_forest
OP_0006,noise,4957445019.0,4320009132.898817,0.9270117292615528,0.1475542913200857,-0.5536764859594507,0.28288243094842885,isolation_forest
OP_0006,noise,14086149529.16,13574128332.525597,0.9270117292615528,0.03772037394161992,-0.6657674455551351,5.166512479230791,isolation_forest
OP_0006,noise,8214572251.86,8815302450.022789,0.9270117292615528,0.06814629464712653,-0.5914567912445008,2.0253645550844723,isolation_forest
OP_0006,noise,12075322308.38,11252680189.710545,0.9270117292615528,0.07310632709722603,-0.6028326690217272,4.090769888770581,isolation_forest
OP_0006,noise,12494130004.8,12082320991.909494,0.9270117292615528,0.034083601417828444,-0.5917407280141009,4.314821598234094,isolation_forest
OP_0006,noise,7785715265.59,7620522399.304571,0.9270117292615528,0.021677367722258,-0.5623648742511793,1.7959367252940568,isolation_forest
OP_0006,noise,12082368311.63,12336111362.905216,0.9270117292615528,0.020569127807829653,-0.572410738915882,4.094539325403533,isolation_forest
OP_0004,high,18913821.27,14929859.56983654,0.921199432357884,0.2668452225908698,-0.5641638232653504,2.1192416066508875,isolation_forest
OP_0004,high,26482450.25,14740940.774212236,0.921199432357884,0.7965237535129597,-0.705000858592771,3.369887900117105,isolation_forest
OP_0004,high,18391581.04,10320970.145645907,0.921199432357884,0.7819624299328904,-0.5780974146723887,2.032946214225872,isolation_forest
OP_0004,high,23539934.55,15136138.252717027,0.921199432357884,0.5552140286360322,-0.6141232834751349,2.883664257315268,isolation_forest
OP_0004,high,21120587.62,15165473.212023353,0.921199432357884,0.39267580541142416,-0.6007691864543657,2.4838894396291495,isolation_forest
OP_0004,high,24908809.5,14640135.315707404,0.921199432357884,0.7014056880523046,-0.5781649648971039,3.109858246604495,isolation_forest
OP_0004,high,2000.0,1642130.0018629534,0.921199432357884,0.998782069630461,-0.6181030296983265,-1.005762834248668,isolation_forest
OP_0004,high,16400501.18,14709191.069590587,0.921199432357884,0.11498321711966776,-0.5742550240329614,1.7039385890028114,isolation_forest
OP_0004,high,16649632.69,14462130.455829693,0.921199432357884,0.151257260529587,-0.5671128183652508,1.7451052785565573,isolation_forest
OP_0004,high,10035204.69,10991447.147786796,0.921199432357884,0.08699877686072872,-0.62805981448147,0.6521319166096796,isolation_forest
OP_0004,high,140500.0,-504149.4829004584,0.921199432357884,0.0,-0.6486448737060316,-0.9828769837065435,isolation_forest
OP_0004,high,156000.0,-840221.8743264098,0.921199432357884,0.0,-0.5859609722748552,-0.9803157513354033,isolation_forest
OP_0004,high,14070466.61,13858736.506689945,0.921199432357884,0.015277734965799152,-0.5898118362911531,1.3189218169666888,isolation_forest
OP_0004,high,64000.0,1622434.0595366033,0.921199432357884,0.9605530963654205,-0.5749439900455974,-0.9955179047641068,isolation_forest
OP_0004,high,171500.0,-1362517.225523891,0.921199432357884,0.0,-0.6565807171161087,-0.977754518964263,isolation_forest
OP_0004,high,112000.0,-1486576.3277891465,0.921199432357884,0.0,-0.5899618287439622,-0.9875863464534789,isolation_forest
OP_0004,high,138450.0,8987156.990230706,0.921199432357884,0.9845946832629608,-0.6441693380009802,-0.9832157273427266,isolation_forest
OP_0004,high,13383576.01,14281213.280092932,0.921199432357884,0.06285441247097538,-0.6024703737665794,1.2054194659891428,isolation_forest
OP_0004,high,70000.0,2631150.90442835,0.921199432357884,0.973395672638089,-0.5882970782295163,-0.9945264599752783,isolation_forest
OP_0004,high,23377345.35,10598380.224537818,0.921199432357884,1.2057469966850014,-0.6235872816308571,2.8567978881386358,isolation_forest
OP_0004,high,9360053.58,10155367.273531942,0.921199432357884,0.07831461650872809,-0.582399560363049,0.5405694083294678,isolation_forest
OP_0004,high,92500.0,2142621.715155771,0.921199432357884,0.9568285902519778,-0.5634468467545962,-0.9908085420171715,isolation_forest
OP_0004,high,12079392.33,13586864.801753549,0.921199432357884,0.11095072290400589,-0.5811700406882491,0.9899151137872819,isolation_forest
OP_0004,high,4951070.82,13135119.415027125,0.921199432357884,0.6230661737010348,-0.5888642233517704,-0.18797442190997588,isolation_forest
OP_0004,high,6231889.67,13295201.803899834,0.921199432357884,0.531267763970907,-0.5988027374330104,0.023669107134324394,isolation_forest
OP_0004,high,43000.0,1839741.9415925145,0.921199432357884,0.9766271567615736,-0.5609825648041538,-0.9989879615250066,isolation_forest
OP_0004,high,7606373.47,14030911.196117787,0.921199432357884,0.45788456902894464,-0.5994975719285002,0.25078990727418826,isolation_forest
OP_0004,high,121000.0,2059360.9308519354,0.921199432357884,0.9412439081526406,-0.5717259290616908,-0.9860991792702362,isolation_forest
OP_0004,high,3900187.0,9926994.285688993,0.921199432357884,0.6071130003950331,-0.564455355368889,-0.36162330307717244,isolation_forest
OP_0004,high,8657156.67,10479105.559234468,0.921199432357884,0.17386492377003668,-0.5715403988885093,0.4244221619122761,isolation_forest
OP_0004,high,133000.0,-578635.4163989415,0.921199432357884,0.0,-0.6071001285403852,-0.9841162896925791,isolation_forest
OP_0004,high,13371401.86,13860847.763791176,0.921199432357884,0.03531139740743422,-0.6658362838022052,1.20340779972649,isolation_forest
OP_0004,high,137000.0,2286193.862052532,0.921199432357884,0.9400750731274372,-0.665302365741333,-0.9834553265000269,isolation_forest
OP_0004,high,104000.0,2032240.4675983535,0.921199432357884,0.9488249537108645,-0.5615587633517896,-0.9889082728385835,isolation_forest
OP_0004,high,206000.0,-1087000.2287458424,0.921199432357884,0.0,-0.5648295354979399,-0.9720537114284992,isolation_forest
OP_0004,high,132500.0,-1115921.9228021875,0.921199432357884,0.0,-0.5682520173875568,-0.9841989100916482,isolation_forest
OP_0004,high,119100.0,1839691.1322285552,0.921199432357884,0.9352608718313898,-0.5897996250574995,-0.9864131367866985,isolation_forest
OP_0004,high,226500.0,2254912.942560695,0.921199432357884,0.8995526631095634,-0.6369382464247582,-0.9686662750666685,isolation_forest
OP_0004,high,18213669.2,13714061.14747159,0.921199432357884,0.328101793053328,-0.592210616286784,2.0035479197860573,isolation_forest
OP_0004,high,167500.0,2171030.1541535035,0.921199432357884,0.9228476860721867,-0.6636335819679681,-0.9784154821568153,isolation_forest
OP_0004,high,6987394.25,10465736.925427567,0.921199432357884,0.33235525603329297,-0.5940689596529631,0.14850928693050083,isolation_forest
OP_0004,high,134000.0,-623626.9586263988,0.921199432357884,0.0,-0.5792699124506976,-0.9839510488944411,isolation_forest
OP_0004,high,9754467.9,13619376.610222092,0.921199432357884,0.28378014800774837,-0.5742546890955557,0.6057427453633567,isolation_forest
OP_0004,high,5976748.14,13477819.70730936,0.921199432357884,0.5565493329192808,-0.7053897946021086,-0.018490682921047042,isolation_forest
OP_0004,high,8000.0,2023576.110710524,0.921199432357884,0.9960466028642773,-0.6750836369744219,-1.0047713894598393,isolation_forest
OP_0004,high,205000.0,2192784.339266207,0.921199432357884,0.9065115541327693,-0.5810375887689742,-0.9722189522266372,isolation_forest
OP_0004,high,10246862.35,10361068.790202143,0.921199432357884,0.011022650511706032,-0.6102806628710248,0.6871063972801185,isolation_forest
OP_0004,high,1000.0,-1214801.3772449838,0.921199432357884,0.0,-0.6267794528888087,-1.005928075046806,isolation_forest
OP_0004,high,18060307.96,14542191.70716855,0.921199432357884,0.24192476097651786,-0.5646761320120957,1.9782063860850114,isolation_forest
OP_0004,high,20557588.09,14117122.045311872,0.921199432357884,0.4562166441584976,-0.6540297843372229,2.3908589479405844,isolation_forest
OP_0004,high,13500.0,1889333.4581179116,0.921199432357884,0.9928546229137083,-0.6076298119606048,-1.0038625650700799,isolation_forest
OP_0004,high,7682746.09,9898228.261099521,0.921199432357884,0.22382613460294354,-0.5799474729010002,0.2634097799588847,isolation_forest
OP_0004,high,213000.0,-1083169.283895947,0.921199432357884,0.0,-0.5673596646702428,-0.9708970258415326,isolation_forest
OP_0004,high,14042939.86,13907595.729190165,0.921199432357884,0.009731669905083966,-0.5848982099199396,1.3143732748265413,isolation_forest
OP_0004,high,22263427.24,14446345.894646322,0.921199432357884,0.5411113234005155,-0.5639623619499489,2.672733170581772,isolation_forest
OP_0004,high,16670190.83,14609014.477624651,0.921199432357884,0.14108934969790551,-0.5759850956073089,1.7485023220183917,isolation_forest
OP_0004,high,13835469.31,14216839.506296357,0.921199432357884,0.026825244536766088,-0.5892050697915165,1.2800906755543948,isolation_forest
OP_0004,high,23117282.31,14034804.163540334,0.921199432357884,0.6471396423224886,-0.6059309111787475,2.8138248638428194,isolation_forest
OP_0004,high,17813597.0,14922987.139716873,0.921199432357884,0.1937018261303661,-0.5778475178440097,1.937439670145199,isolation_forest
OP_0011,noise,99068145.54,151540283.6942627,0.8994751981158186,0.3462586770665343,-0.6096244522400817,-1.333447340243163,isolation_forest
OP_0011,noise,328178860.02,227230513.10261923,0.8994751981158186,0.444255243448716,-0.5557995361427813,0.8118822335453092,isolation_forest
OP_0011,noise,148017802.16,124001793.73031601,0.8994751981158186,0.19367468572200613,-0.6248530129031862,-0.8750962491035835,isolation_forest
OP_0011,noise,377664166.02,150685227.7742899,0.8994751981158186,1.5063118103766606,-0.6769057334367075,1.2752489978222346,isolation_forest
OP_0011,noise,342986815.22,226503080.40664375,0.8994751981158186,0.5142699808065816,-0.5795727437785931,0.950539844080883,isolation_forest
OP_0011,noise,140249158.59,183274829.40168172,0.8994751981158186,0.23476039209608407,-0.6018065976550189,-0.94783968599072,isolation_forest
OP_0011,noise,284259695.36,164162712.66856307,0.8994751981158186,0.7315728446441258,-0.5890973007612087,0.40063528241501445,isolation_forest
OP_0011,noise,325800374.99,240141310.25012362,0.8994751981158186,0.35670274577354727,-0.5461400093269563,0.7896107553769779,isolation_forest
OP_0011,noise,413801679.48,350335437.07360667,0.8994751981158186,0.1811585003690588,-0.5526218057907598,1.6136307122037534,isolation_forest
OP_0011,noise,414494112.98,387455790.04778075,0.8994751981158186,0.06978427894672815,-0.5559064755979481,1.620114468621708,isolation_forest
OP_0011,noise,455379927.17,455484673.0650128,0.8994751981158186,0.00022996579513411024,-0.5472047122818797,2.002957962123555,isolation_forest
OP_0011,noise,539395912.0,378160450.16991144,0.8994751981158186,0.4263678598796986,-0.5545712025436886,2.7896604842463106,isolation_forest
OP_0011,noise,667011615.44,451334164.0202699,0.8994751981158186,0.4778664426786976,-0.5461310574656723,3.9846187527455803,isolation_forest
OP_0011,noise,560007891.39,484464909.7288084,0.8994751981158186,0.15593076019371288,-0.6163075221835383,2.982665377361187,isolation_forest
OP_0011,noise,513686556.43,436376323.8053515,0.8994751981158186,0.1771641319824062,-0.5523932700858822,2.548925165723357,isolation_forest
OP_0011,noise,513686556.43,438181783.85339224,0.8994751981158186,0.17231380983621697,-0.5469915954258436,2.548925165723357,isolation_forest
OP_0011,noise,559156580.25,478922402.234179,0.8994751981158186,0.16753064304682247,-0.5499772507757583,2.9746939345184433,isolation_forest
OP_0011,noise,645636795.42,452194357.4882486,0.8994751981158186,0.42778604980000984,-0.6152749832832586,3.78447083025584,isolation_forest
OP_0011,noise,629237464.28,352210586.80459243,0.8994751981158186,0.7865376222467241,-0.5741013761646467,3.6309120140964004,isolation_forest
OP_0011,noise,659552630.06,429722129.18161714,0.8994751981158186,0.5348351533957134,-0.57274389991196,3.9147748697893037,isolation_forest
OP_0011,noise,675095275.17,480051874.28899777,0.8994751981158186,0.4062965094551082,-0.6470130225634323,4.060311914117681,isolation_forest
OP_0011,noise,726421861.84,511590726.63971925,0.8994751981158186,0.4199277352256869,-0.6799804039059479,4.540919923021518,isolation_forest
OP_0011,noise,676244893.0,429375592.60605824,0.8994751981158186,0.5749495421842442,-0.5499122646388335,4.071076618574438,isolation_forest
OP_0011,noise,702435049.79,472596647.4218929,0.8994751981158186,0.4863310047202419,-0.5952412579416777,4.316314027183926,isolation_forest
OP_0011,noise,503447958.54,364196513.84182465,0.8994751981158186,0.382352492145639,-0.5573517253480268,2.4530537574507303,isolation_forest
OP_0011,noise,289869490.24,210555994.822528,0.8994751981158186,0.3766859997708601,-0.5543971701858579,0.4531638552766809,isolation_forest
OP_0011,noise,529231523.96,447205077.85795987,0.8994751981158186,0.1834202028629316,-0.5817854440535272,2.6944839565524155,isolation_forest
OP_0011,noise,628537179.48,496394905.77841234,0.8994751981158186,0.2662039278875581,-0.6143426237630015,3.6243547402695335,isolation_forest
OP_0010,high,49486338.29,29476056.341546014,0.8685897208092339,0.6788656432390456,-0.7347342291955047,4.770000212284931,isolation_forest
OP_0010,high,2915175.79,5397700.034837088,0.8685897208092339,0.45992260199987467,-0.6191092635824204,-0.46650860025754465,isolation_forest
OP_0010,high,1736674.5,9794337.77551994,0.8685897208092339,0.8226858681205931,-0.6375243240667404,-0.5990204822763299,isolation_forest
OP_0010,high,11699714.75,14949875.812846014,0.8685897208092339,0.21740388372010694,-0.607610601080981,0.5212338826182633,isolation_forest
OP_0010,high,11769157.95,11309705.32130355,0.8685897208092339,0.04062463306015588,-0.5919667031895134,0.529042146557802,isolation_forest
OP_0010,high,13081828.66,15566415.208057879,0.8685897208092339,0.15961199253966607,-0.6083201056197683,0.6766401744335586,isolation_forest
OP_0010,high,38667720.85,22223116.878901705,0.8685897208092339,0.739977387542364,-0.644357147551449,3.5535438791606357,isolation_forest
OP_0010,high,15873771.9,13604792.926425416,0.8685897208092339,0.16677791318436083,-0.6755682214173828,0.9905691080387352,isolation_forest
OP_0010,high,8882327.87,10518368.693920342,0.8685897208092339,0.1555413079279091,-0.6090972668902844,0.20444404028908467,isolation_forest
OP_0010,high,40073882.98,19319979.985023804,0.8685897208092339,1.074219694381874,-0.6907896603884081,3.711654177257843,isolation_forest
OP_0010,high,19351922.83,11394620.185991285,0.8685897208092339,0.6983385592607587,-0.5883377658270619,1.3816559312696952,isolation_forest
OP_0010,high,981292.62,6727828.535983549,0.8685897208092339,0.854144228743109,-0.5798987248494778,-0.6839563880840259,isolation_forest
OP_0010,high,854376.06,6415248.248903442,0.8685897208092339,0.8668210446655686,-0.5975561685321816,-0.6982270149960679,isolation_forest
OP_0007,noise,110800264.0,22371920.3236129,0.8617787406519762,3.952648784604047,-0.5630474487581881,-1.3160417846411978,isolation_forest
OP_0007,noise,103556389.0,20247083.442959026,0.8617787406519762,4.114632400846453,-0.5517363867919082,-1.432690828428291,isolation_forest
OP_0007,noise,113783618.0,36392427.44689253,0.8617787406519762,2.12657401504872,-0.548826051099029,-1.2680004543616996,isolation_forest
OP_0007,noise,109501555.0,47302710.51929179,0.8617787406519762,1.3149107904787238,-0.5511955127145792,-1.3369550614450758,isolation_forest
OP_0007,noise,3216899.0,-153744856.5836748,0.8617787406519762,0.0,-0.7324953241075519,-3.048470443977237,isolation_forest
OP_0007,noise,72276994.0,-57656491.710094035,0.8617787406519762,0.0,-0.6040426501657986,-1.9363869188479617,isolation_forest
OP_0007,noise,99988273.0,65692539.231159896,0.8617787406519762,0.522064364846056,-0.5455300850749434,-1.4901486558371613,isolation_forest
OP_0007,noise,116674156.0,62678369.481331736,0.8617787406519762,0.8614740135311032,-0.5460752298773521,-1.221453751977926,isolation_forest
OP_0007,noise,71243429.0,-41891134.36299347,0.8617787406519762,0.0,-0.6155268860868696,-1.953030547974887,isolation_forest
OP_0007,noise,71171844.0,15907166.062224478,0.8617787406519762,3.474200100859904,-0.5820003073312283,-1.9541832903675291,isolation_forest
OP_0007,noise,103346274.0,-6235704.757263824,0.8617787406519762,0.0,-0.5438051071815356,-1.4360743370939328,isolation_forest
OP_0007,noise,115309813.0,-19898120.131982848,0.8617787406519762,0.0,-0.5773489128884797,-1.243423941461816,isolation_forest
OP_0007,noise,114207485.0,45450179.347308755,0.8617787406519762,1.512806035973598,-0.5630273450262057,-1.2611748699551624,isolation_forest
OP_0007,noise,89997298.0,41587466.99835828,0.8617787406519762,1.164048558272442,-0.5470447499346105,-1.6510346015845347,isolation_forest
OP_0007,noise,314866379.0,130922973.96021068,0.8617787406519762,1.4049742339010134,-0.5710823323054774,1.9700609137208034,isolation_forest
OP_0007,noise,187013529.0,98822777.2787075,0.8617787406519762,0.8924132082684768,-0.5487567938005345,-0.08876984991808974,isolation_forest
OP_0007,noise,210130254.0,52397705.20554823,0.8617787406519762,3.0102949771500676,-0.5483401027720911,0.2834817235476585,isolation_forest
OP_0007,noise,191112396.0,56823584.28249705,0.8617787406519762,2.36325837965253,-0.62619945671433,-0.022765271407213697,isolation_forest
OP_0007,noise,207211548.0,392288828.2358116,0.8617787406519762,0.4717883021755553,-0.5630937697998448,0.2364814282643119,isolation_forest
OP_0007,noise,292830629.0,405970345.15042174,0.8617787406519762,0.2786896075093878,-0.5568553119289403,1.6152164186637457,isolation_forest
OP_0007,noise,235277759.0,464505666.61584926,0.8617787406519762,0.4934878605160763,-0.567045536556708,0.6884352065772733,isolation_forest
OP_0007,noise,372979836.0,443216622.43515325,0.8617787406519762,0.1584705601727055,-0.570678605326311,2.9058693298257707,isolation_forest
OP_0007,noise,331670117.0,204459580.36559123,0.8617787406519762,0.6221793882533919,-0.5552730126533173,2.2406536516889273,isolation_forest
OP_0007,noise,281453537.0,480999681.3310081,0.8617787406519762,0.41485712376945844,-0.5888699912274931,1.4320096539310867,isolation_forest
OP_0007,noise,369374282.0,444289978.58464766,0.8617787406519762,0.16861892051516184,-0.5973603525829652,2.8478086335240356,isolation_forest
OP_0007,noise,234664960.0,446551165.44206774,0.8617787406519762,0.4744947988934457,-0.6418080699074776,0.6785672260580502,isolation_forest
OP_0007,noise,277259260.0,471314527.402784,0.8617787406519762,0.41173198813145206,-0.6426390637613497,1.3644686760113685,isolation_forest
OP_0007,noise,343368387.0,435115540.27729726,0.8617787406519762,0.2108569903497981,-0.569261768789962,2.4290323867531356,isolation_forest
OP_0007,noise,297805274.0,412804526.88114417,0.8617787406519762,0.27858040644562765,-0.6317661277165314,1.6953237620994406,isolation_forest
OP_0007,noise,271665911.0,187581558.208035,0.8617787406519762,0.4482549009360094,-0.5888271323626928,1.2743982630876922,isolation_forest
OP_0007,noise,284639542.0,303548097.93427813,0.8617787406519762,0.06229179514862934,-0.557598746870965,1.483314299131466,isolation_forest
OP_0007,noise,282959090.0,167710335.42386496,0.8617787406519762,0.6871893391952235,-0.553626289991235,1.4562537660700716,isolation_forest
OP_0007,noise,347781816.0,202492495.0954321,0.8617787406519762,0.7175047195506921,-0.5966786250449497,2.5001023973030456,isolation_forest
OP_0007,noise,97097258.0,209395241.12797123,0.8617787406519762,0.536296730159883,-0.5701117421328998,-1.5367030394128225,isolation_forest
OP_0023,very_high,6694473.0,9574006.329489464,0.8051911043582474,0.30076576413157813,-0.5940999531591239,-0.9787332498754417,isolation_forest
OP_0023,very_high,526377.0,12470519.672748331,0.8051911043582474,0.9577902915184613,-0.5893563286735906,-1.822671051257274,isolation_forest
OP_0023,very_high,333027.0,8876406.767186012,0.8051911043582474,0.9624817779609738,-0.5678411503055294,-1.849125790920401,isolation_forest
OP_0023,very_high,617073.0,13270794.234612375,0.8051911043582474,0.9535014265845089,-0.5704647909680519,-1.8102617465327484,isolation_forest
OP_0023,very_high,35757826.0,22132952.327162407,0.8051911043582474,0.6155922387324996,-0.5679323020562346,2.9978037935823894,isolation_forest
OP_0023,very_high,29240638.0,18307964.268998407,0.8051911043582474,0.5971539801131422,-0.5575251906207527,2.1061021547116487,isolation_forest
OP_0023,very_high,37795276.0,26244945.63431941,0.8051911043582474,0.44009732489507275,-0.628841984998719,3.276573947844809,isolation_forest
OP_0023,very_high,21375996.0,13768017.810540043,0.8051911043582474,0.5525834070054517,-0.5647880769111466,1.030037729298164,isolation_forest
OP_0023,very_high,34150722.0,20922330.73924058,0.8051911043582474,0.6322618366771681,-0.6572683489899664,2.7779148981514576,isolation_forest
OP_0023,very_high,701290.0,17878364.032713242,0.8051911043582474,0.960774375176789,-0.6018631059911086,-1.7987389184478784,isolation_forest
OP_0023,very_high,33285046.0,20568437.360114045,0.8051911043582474,0.6182583740924228,-0.6445023546997454,2.659470454331352,isolation_forest
OP_0023,very_high,1444534.0,12223787.095158525,0.8051911043582474,0.8818259849623742,-0.5580161670862194,-1.6970459961505864,isolation_forest
OP_0023,very_high,1730223.0,15468899.358238898,0.8051911043582474,0.8881482799822816,-0.5732040478552375,-1.6579571514667528,isolation_forest
OP_0023,very_high,23945840.0,20923638.514659643,0.8051911043582474,0.144439576473419,-0.5740076500266112,1.3816516625531412,isolation_forest
OP_0023,very_high,24689377.0,21176820.497528173,0.8051911043582474,0.1658679830091502,-0.7250315921282918,1.4833846740085472,isolation_forest
OP_0024,high,7114169.06,13072646.792309845,0.7239442087127903,0.45579734746715544,-0.5675126780827365,-1.0155305638645657,isolation_forest
OP_0024,high,3119902.07,9593845.213440442,0.7239442087127903,0.6748017087424768,-0.5906754055236796,-1.86827214406245,isolation_forest
OP_0024,high,2541221.76,9297929.289246555,0.7239442087127903,0.72668949387053,-0.5992645065469462,-1.991815403242228,isolation_forest
OP_0024,high,20091007.25,12653871.416550247,0.7239442087127903,0.5877360049449039,-0.5644893250192378,1.7549125566922927,isolation_forest
OP_0024,high,8583202.05,13890877.746537423,0.7239442087127903,0.3820979345859167,-0.5710011566087476,-0.7019046804692689,isolation_forest
OP_0024,high,20697826.09,16350346.325498706,0.7239442087127903,0.2658952708372488,-0.5789875905302307,1.8844631495322188,isolation_forest
OP_0024,high,18023111.68,16376187.345932323,0.7239442087127903,0.10056823968106077,-0.6280572942042421,1.3134346734008695,isolation_forest
OP_0024,high,11853578.65,14694091.87110047,0.7239442087127903,0.1933098857702826,-0.6105842025709273,-0.003707460126173308,isolation_forest
OP_0024,high,29756613.39,14293849.280442344,0.7239442087127903,1.081777469888023,-0.6680963547142819,3.8184361704189684,isolation_forest
OP_0024,high,26900344.26,14048163.607328797,0.7239442087127903,0.9148655306068859,-0.6311510604229408,3.208647326186842,isolation_forest
OP_0024,high,11899833.25,13667600.682511855,0.7239442087127903,0.12933999709062113,-0.5640549028635251,0.006167498356614728,isolation_forest
OP_0024,high,13162373.83,13277179.390088845,0.7239442087127903,0.008646833541659087,-0.5792840183104022,0.2757090317464879,isolation_forest
OP_0024,high,16634621.39,13784362.190526213,0.7239442087127903,0.20677483369036312,-0.5758804928984816,1.0170039623471707,isolation_forest
OP_0024,high,19965948.54,15230502.117912382,0.7239442087127903,0.3109186017260931,-0.6420299723120021,1.7282135998499237,isolation_forest
OP_0024,high,18023111.68,14432952.875261586,0.7239442087127903,0.24874735168657194,-0.6142290661541902,1.3134346734008695,isolation_forest
OP_0024,high,28716493.37,16001633.155639375,0.7239442087127903,0.7945976570447494,-0.6059507899847176,3.5963795097924205,isolation_forest
OP_0001,low,7081448.0,5536273.052241217,0.6936954638710462,0.2791002057120825,-0.5465740282778642,3.0876993850107515,isolation_forest
OP_0001,low,6900489.0,3690716.5283725974,0.6936954638710462,0.8696881613508083,-0.5862469333013848,2.989078815624002,isolation_forest
OP_0001,low,3384673.0,4015377.688225168,0.6936954638710462,0.15707231976575156,-0.538185676782219,1.0729996165841864,isolation_forest
OP_0001,low,7718226.0,3471886.43435049,0.6936954638710462,1.2230640736507563,-0.5881828483725764,3.4347360559304403,isolation_forest
OP_0001,low,6313141.0,2488081.7929446883,0.6936954638710462,1.5373526778347135,-0.5540630352796146,2.668980925006962,isolation_forest
OP_0001,low,7791139.0,2614888.5013905596,0.6936954638710462,1.9795301007506767,-0.6429516847244529,3.4744728005836274,isolation_forest
OP_0001,low,6843520.0,4218374.5701697385,0.6936954638710462,0.6223120745118258,-0.586717485454332,2.9580313672108596,isolation_forest
OP_0001,low,1280467.0,2785848.959685973,0.6936954638710462,0.5403674001966219,-0.5739856606602494,-0.07376840173496726,isolation_forest
OP_0001,low,6154577.0,4451426.28267215,0.6936954638710462,0.3826078674957781,-0.5818047774777945,2.5825653725103157,isolation_forest
OP_0001,low,7689651.0,3093296.5685826875,0.6936954638710462,1.4859081014412105,-0.666112822311184,3.419163010266912,isolation_forest
OP_0001,low,6061271.0,4995681.839018753,0.6936954638710462,0.21330204671131522,-0.5457737201293851,2.5317146778933024,isolation_forest
OP_0001,low,7040425.0,3617799.686947249,0.6936954638710462,0.946051636137105,-0.6088566341875886,3.065342322814604,isolation_forest
OP_0001,low,6248938.0,4806509.034550374,0.6936954638710462,0.300099085444569,-0.5426649330374907,2.6339910299680995,isolation_forest
OP_0001,low,12497876.0,8715567.723407373,0.6936954638710462,0.4339715319329679,-0.7826379710949981,6.039590218858948,isolation_forest
OP_0001,low,5250915.0,5988351.879331051,0.6936954638710462,0.12314521494241738,-0.7928913278100274,2.09007999751836,isolation_forest
OP_0001,low,4200727.0,3361235.3548145033,0.6936954638710462,0.24975687703125024,-0.5473874602729448,1.517739641287765,isolation_forest
OP_0001,low,5594299.0,2705376.5863192845,0.6936954638710462,1.0678448347226766,-0.5312034937576543,2.2772203199024346,isolation_forest
OP_0001,low,6589752.0,2514453.380753522,0.6936954638710462,1.6207493248593092,-0.5526158062325275,2.8197307319722875,isolation_forest
OP_0001,low,90924.0,2954697.7732436974,0.6936954638710462,0.969227309532852,-0.6189927881017164,-0.722055626852385,isolation_forest
OP_0001,low,165224.0,1851674.2836423186,0.6936954638710462,0.9107704840642936,-0.5355865803186972,-0.6815629831848385,isolation_forest
OP_0001,low,82163.0,3585667.794528705,0.6936954638710462,0.9770857188372635,-0.7246381563123079,-0.7268302708789176,isolation_forest
OP_0001,low,48624.0,2340861.634095656,0.6936954638710462,0.9792281614206622,-0.5904787913884323,-0.7451086393306785,isolation_forest
OP_0001,low,246516.0,2099542.620765148,0.6936954638710462,0.8825858558136054,-0.6464394017442013,-0.6372597801024404,isolation_forest
OP_0001,low,705765.0,3099294.2757045417,0.6936954638710462,0.772282030289117,-0.6086829665354496,-0.38697436810140395,isolation_forest
OP_0001,low,3961733.0,1991554.243312376,0.6936954638710462,0.9892669322482524,-0.5717038238604343,1.387490665773881,isolation_forest
OP_0001,low,1841799.0,1754573.7947081355,0.6936954638710462,0.0497130445894833,-0.5282086601622756,0.2321510687252097,isolation_forest
OP_0001,low,3954912.0,3376013.2711067726,0.6936954638710462,0.17147406790360295,-0.5430665043522085,1.383773299388197,isolation_forest
OP_0022,mid,1188180.34,1956073.1252522885,0.6475109487560944,0.39256854733038055,-0.578651308378241,1.7634049209181248,isolation_forest
OP_0022,mid,1360488.96,2422744.1133258212,0.6475109487560944,0.4384512369602297,-0.6704770434637589,2.103539848676467,isolation_forest
OP_0022,mid,782415.54,1403125.0810276002,0.6475109487560944,0.4423764847628652,-0.6232890029383509,0.9624305939524852,isolation_forest
OP_0022,mid,1368573.98,1579859.9617850983,0.6475109487560944,0.13373715828988056,-0.5714985026633983,2.119499570793821,isolation_forest
OP_0022,mid,1030326.29,1402043.5306917361,0.6475109487560944,0.2651253206869685,-0.5773669943956454,1.4518031223945702,isolation_forest
OP_0022,mid,1465166.08,2321578.529694001,0.6475109487560944,0.36889230268979173,-0.5918454537217708,2.310171093527429,isolation_forest
OP_0022,mid,3949629.69,3881091.4872349114,0.6475109487560944,0.017659517429700854,-0.7165856619972852,7.214469267963391,isolation_forest
OP_0022,mid,2359054.5,2624063.078122822,0.6475109487560944,0.10099169502906975,-0.6200963181435868,4.074694964478972,isolation_forest
OP_0022,mid,3129769.19,2922323.9991424973,0.6475109487560944,0.07098637622603574,-0.6849507476128112,5.596075528059849,isolation_forest
OP_0022,mid,6774438.9,5264181.521314897,0.6475109487560944,0.2868931043828954,-0.7845644728412818,12.790605137280027,isolation_forest
OP_0022,mid,3344858.59,518469.0706232402,0.6475109487560944,5.451413940621799,-0.6273789930814144,6.020659147443401,isolation_forest
OP_0022,mid,1723149.91,1905533.9698510608,0.6475109487560944,0.09571283573880147,-0.6593420708812195,2.8194277481270094,isolation_forest
OP_0022,mid,3325500.0,675820.8938777089,0.6475109487560944,3.9206824324696825,-0.6424525260910846,5.982445547850105,isolation_forest
OP_0022,mid,2215089.68,811078.9826286163,0.6475109487560944,1.7310406599627848,-0.6836639244103622,3.790510321537472,isolation_forest
OP_0022,mid,1703.55,456710.24683369615,0.6475109487560944,0.9962699545022026,-0.6479703797283228,-0.5786845070721852,isolation_forest
OP_0022,mid,10000.0,787604.5702915159,0.6475109487560944,0.9873032732703688,-0.609229042122061,-0.5623074249424537,isolation_forest
OP_0022,mid,2471715.55,623567.5945876013,0.6475109487560944,2.963829377045608,-0.5876063805745081,4.297086381129683,isolation_forest
OP_0013,mid,9300.0,188120.46675563205,0.6339822365042342,0.9505635927850388,-0.5402802377649207,-0.24105505904706495,isolation_forest
OP_0013,mid,25919.05,649797.5575589405,0.6339822365042342,0.9601121153834915,-0.5527403541559487,-0.12223468852081276,isolation_forest
OP_0013,mid,22200.0,-95994.58130040145,0.6339822365042342,0.0,-0.5489443772976323,-0.148824589809133,isolation_forest
OP_0013,mid,161644.32,835981.8542680783,0.6339822365042342,0.806641353308412,-0.594283755661041,0.84815332229663,isolation_forest
OP_0013,mid,347593.45,521005.2312784378,0.6339822365042342,0.33284076793801387,-0.5501762405072309,2.177624292396259,isolation_forest
OP_0013,mid,3275.3,-157730.43689789242,0.6339822365042342,0.0,-0.5386011450086197,-0.2841295480406904,isolation_forest
OP_0013,mid,1186200.0,57923.02786874512,0.6339822365042342,19.478901805478053,-0.6222911376080379,8.173366587939148,isolation_forest
OP_0013,mid,36500.0,-333860.60013171064,0.6339822365042342,0.0,-0.5475803130194914,-0.04658461228181305,isolation_forest
OP_0013,mid,963902.68,855751.7992736907,0.6339822365042342,0.126381131559526,-0.555502184978492,6.584018825618626,isolation_forest
OP_0013,mid,500.0,911492.4557618251,0.6339822365042342,0.9994514491076264,-0.5725790300022602,-0.30397196829464646,isolation_forest
OP_0013,mid,170000.0,705249.5772538817,0.6339822365042342,0.7589505822010554,-0.6211574984004529,0.9078934995991108,isolation_forest
OP_0013,mid,1600.0,225876.3278002777,0.6339822365042342,0.992916477722204,-0.711067793722075,-0.29610735463869875,isolation_forest
OP_0013,mid,400.0,315064.1216329861,0.6339822365042342,0.9987304171673792,-0.6152160499838166,-0.3046869331724599,isolation_forest
OP_0013,mid,1000.0,-169298.39620559182,0.6339822365042342,0.0,-0.5436363995860748,-0.3003971439055793,isolation_forest
OP_0013,mid,1902025.59,992440.2447789531,0.6339822365042342,0.9165139664641869,-0.5905951016049057,13.291268142839884,isolation_forest
OP_0013,mid,1580230.24,964817.5607834616,0.6339822365042342,0.6378539365689037,-0.5640287354076042,10.990544411903098,isolation_forest
OP_0013,mid,21000.0,-17155.85349228629,0.6339822365042342,0.0,-0.5354066852308043,-0.15740416834289409,isolation_forest
OP_0013,mid,11500.0,294111.7457937993,0.6339822365042342,0.9608992154700866,-0.5969983343670014,-0.22532583173516957,isolation_forest
OP_0013,mid,2747033.32,1455012.1822911056,0.6339822365042342,0.8879796014315421,-0.666367459832042,19.332776627148387,isolation_forest
OP_0013,mid,8279608.5,1817686.7783696293,0.6339822365042342,3.5550248802636824,-0.7108689103090615,58.888746002771335,isolation_forest
OP_0013,mid,56400.0,444224.4988431699,0.6339822365042342,0.873037168938511,-0.6086747765775623,0.09569339840305875,isolation_forest
OP_0013,mid,3568450.36,2006087.6398171093,0.6339822365042342,0.7788108002725782,-0.667838710785055,25.205619963523052,isolation_forest
OP_0013,mid,5000.0,50170.82811245968,0.6339822365042342,0.900340492909698,-0.5792755026760932,-0.27179854879304227,isolation_forest
OP_0013,mid,5000.0,-67372.9278122939,0.6339822365042342,0.0,-0.5335341554283788,-0.27179854879304227,isolation_forest
OP_0013,mid,3756.32,-40888.75134104102,0.6339822365042342,0.0,-0.540279773840742,-0.2806904239854323,isolation_forest
OP_0028,noise,4000.0,30140.298822507262,0.5536975888300371,0.8672873144504791,-0.6992168400367941,-0.7692000408870588,isolation_forest
OP_0028,noise,513228.0,-6481530.019402936,0.5536975888300371,0.0,-0.6866521321740372,3.743094921668595,isolation_forest
OP_0028,noise,45000.0,18859.700695693493,0.5536975888300371,1.386039986852787,-0.7136483353571941,-0.40589697533531816,isolation_forest
OP_0028,noise,1065391.0,3117905.410191521,0.5536975888300371,0.6582991271904695,-0.6789429755960789,8.635839082259956,isolation_forest
OP_0028,noise,680813.0,-6377193.7372814715,0.5536975888300371,0.0,-0.6526163511185625,5.228074049485387,isolation_forest
OP_0028,noise,172931.0,-6552952.567406371,0.5536975888300371,0.0,-0.557974491923725,0.7277060607402852,isolation_forest
OP_0028,noise,275450.0,-6408636.767815143,0.5536975888300371,0.0,-0.5743315113816879,1.6361320845768437,isolation_forest
OP_0028,noise,430561.0,-6477750.066782683,0.5536975888300371,0.0,-0.5739588393467944,3.010578469962113,isolation_forest
OP_0028,noise,610755.0,3346434.776863545,0.5536975888300371,0.8174908400359048,-0.589319657835273,4.607286582011634,isolation_forest
OP_0028,noise,710111.0,3454538.77692309,0.5536975888300371,0.7944411552871651,-0.6031102180572793,5.487685103498434,isolation_forest
OP_0028,noise,847583.0,3435064.83468242,0.5536975888300371,0.7532556033754276,-0.6003920683037467,6.70583142124304,isolation_forest
OP_0028,noise,1130347.0,-6189821.61337705,0.5536975888300371,0.0,-0.7593696957244561,9.211417470698466,isolation_forest
OP_0020,high,10003802.0,12781371.617747484,0.522770728574342,0.21731389250045033,-0.7487261715386614,0.41672066038315025,isolation_forest
OP_0020,high,9529381.0,15905808.329704849,0.522770728574342,0.40088671996610004,-0.8168976200421003,0.2854416334523944,isolation_forest
OP_0020,high,15480737.0,17835426.16106005,0.522770728574342,0.13202315099153755,-0.5347629905867114,1.932266341040202,isolation_forest
OP_0020,high,9944491.0,12079688.145650832,0.522770728574342,0.17675929377527747,-0.5321804017042778,0.4003084645353905,isolation_forest
OP_0020,high,12772931.0,12916505.363888357,0.522770728574342,0.01111557343441814,-0.5366234740087286,1.1829779731195953,isolation_forest
OP_0020,high,6734906.0,7667763.610263152,0.522770728574342,0.12165967258230814,-0.5777571079905071,-0.4878292773680032,isolation_forest
OP_0020,high,18704001.0,11327685.441181935,0.522770728574342,0.6511758820563097,-0.552720801962062,2.8241892564696114,isolation_forest
OP_0020,high,20002130.0,14474137.771552546,0.522770728574342,0.38192204024146875,-0.5952663980470737,3.1833999827034734,isolation_forest
OP_0020,high,21462715.0,16973466.984712582,0.522770728574342,0.26448621364926383,-0.5712788623416882,3.587564590825074,isolation_forest
OP_0020,high,15872871.0,16195849.527499909,0.522770728574342,0.019942055336554212,-0.5673913531131766,2.0407753866905103,isolation_forest
OP_0020,high,10947962.0,7126218.9931223085,0.522770728574342,0.5362932307533842,-0.5896086109598223,0.6779831383656646,isolation_forest
OP_0020,high,4331869.0,10060094.933987413,0.522770728574342,0.5694007831511563,-0.5903221030586329,-1.1527837356204893,isolation_forest
OP_0020,high,12754858.0,16711807.488365673,0.522770728574342,0.2367756743919171,-0.5629649964376964,1.17797691740385,isolation_forest
OP_0020,high,14856710.0,18242690.438954674,0.522770728574342,0.18560751498169337,-0.5448890517735538,1.7595892096768797,isolation_forest
OP_0020,high,20917036.0,18787945.854821257,0.522770728574342,0.11332213546018856,-0.5959812115382652,3.4365674635129446,isolation_forest
OP_0020,high,16469155.0,17132048.516962327,0.522770728574342,0.038693184665336465,-0.602494082514958,2.2057756360352463,isolation_forest
OP_0020,high,20351240.0,14937428.140826847,0.522770728574342,0.36243266298139837,-0.5615001247191573,3.280003676662628,isolation_forest
OP_0020,high,5143406.0,7856834.1226973925,0.522770728574342,0.345358967788138,-0.5801590185698154,-0.9282199248315385,isolation_forest
OP_0020,high,18849445.0,12859449.422114884,0.522770728574342,0.4658049797671658,-0.5325170227945183,2.8644356764065804,isolation_forest
OP_0020,high,11394742.0,8613752.631657267,0.522770728574342,0.3228545660949259,-0.5560510142284204,0.8016135081261159,isolation_forest
OP_0020,high,22983906.0,11218168.055058599,0.522770728574342,1.048810990100642,-0.6035854385276993,4.00849973968194,isolation_forest
OP_0020,high,35105746.0,9226467.203839798,0.522770728574342,2.8048957661053593,-0.6071348815815822,7.3627849838223,isolation_forest
OP_0025,low,10407.673311592054,2365668.656503954,0.4618422046982438,0.9956005363291355,-0.6639827938955476,-0.6889912283770618,isolation_forest
OP_0025,low,124790.0,7193837.087514497,0.4618422046982438,0.9826532073937866,-0.6682569736623946,0.010422732916612975,isolation_forest
OP_0025,low,792750.0,668595.6396474938,0.4618422046982438,0.18569424176616606,-0.5717388290923948,4.094799778842444,isolation_forest
OP_0025,low,514500.0,2221416.645163548,0.4618422046982438,0.7683910395106809,-0.6012464515785702,2.3933836565763467,isolation_forest
OP_0025,low,500.0,1238465.972642649,0.4618422046982438,0.9995962747374213,-0.6435679862883114,-0.7495737085441355,isolation_forest
OP_0025,low,659945.0,839388.74756395,0.4618422046982438,0.21377907207444288,-0.61206451744458,3.2827366409536785,isolation_forest
OP_0025,low,485920.0,161586.3380105826,0.4618422046982438,2.0071849265386295,-0.6235335039284783,2.218625443550776,isolation_forest
OP_0025,low,1749062.0,1712502.6698064208,0.4618422046982438,0.021348480699134805,-0.6963005969109427,9.942363677194775,isolation_forest
OP_0025,low,278955.0,2308971.591737016,0.4618422046982438,0.8791864737538218,-0.6722774217922762,0.9530959278461834,isolation_forest
OP_0025,low,391576.0,1174670.783766109,0.4618422046982438,0.6666504305618557,-0.5756861944885507,1.641739899475043,isolation_forest
OP_0025,low,455728.0,1041436.9530770639,0.4618422046982438,0.5624046192585245,-0.5877252199829638,2.034010329216695,isolation_forest
OP_0025,low,1263878.0,-27925.27380117681,0.4618422046982438,0.0,-0.5803938562797242,6.975607595018479,isolation_forest
OP_0025,low,3075446.0,168300.57750538597,0.4618422046982438,17.273532067360726,-0.6769273498201422,18.052807960809496,isolation_forest
OP_0025,low,583796.0,1943128.1295367284,0.4618422046982438,0.6995586697933368,-0.7130140864447696,2.8171081187813836,isolation_forest
OP_0025,low,500.0,1426481.2112216996,0.4618422046982438,0.9996494871463665,-0.60491983423263,-0.7495737085441355,isolation_forest
OP_0017,zero,1669054015.0,1521850426.9405985,0.4596983335765842,0.09672671206941628,-0.662132375223825,2.1632872220977384,isolation_forest
OP_0017,zero,616081052.0,679484219.7475317,0.4596983335765842,0.0933107287923326,-0.614949811792054,-1.9277248855819356,isolation_forest
OP_0017,zero,932468060.0,1313771225.2073956,0.4596983335765842,0.29023558888435996,-0.5858994796527254,-0.6984976158210254,isolation_forest
OP_0017,zero,1942318370.0,1960793071.665488,0.4596983335765842,0.009422055765321367,-0.64579128782222,3.224974296870499,isolation_forest
OP_0017,zero,2079198735.0,1797310333.9789073,0.4596983335765842,0.15683902534352245,-0.6314923363702253,3.756782092697649,isolation_forest
OP_0017,zero,579651785.0,764419784.7378569,0.4596983335765842,0.241710122405086,-0.5672884163838601,-2.0692599274184236,isolation_forest
OP_0017,zero,1940742070.0,1746875657.9730914,0.4596983335765842,0.11097894182797922,-0.5926825314594969,3.218850053787407,isolation_forest
OP_0017,zero,748399790.0,984368817.7015638,0.4596983335765842,0.2397160733438671,-0.6371861552448438,-1.4136399296979405,isolation_forest
OP_0017,zero,1746100035.0,1831085201.6687016,0.4596983335765842,0.046412458902105214,-0.5767362562940623,2.4626265325492738,isolation_forest
OP_0017,zero,1471610305.0,1492803624.15778,0.4596983335765842,0.014196990692420728,-0.5763996314267053,1.396178629020601,isolation_forest
OP_0017,zero,2172874685.0,2201019830.799975,0.4596983335765842,0.01278732040762458,-0.7416023558928186,4.120732031693752,isolation_forest
OP_0017,zero,916955910.0,907178471.6872349,0.4596983335765842,0.010777855315041095,-0.6067143503898302,-0.7587654438622505,isolation_forest
OP_0017,zero,538539690.0,810221611.7442005,0.4596983335765842,0.33531803867751514,-0.5907090824251436,-2.2289886995018877,isolation_forest
OP_0017,zero,1516542760.0,1159646425.9301536,0.4596983335765842,0.30776306129998154,-0.5790230044852953,1.5707502694063686,isolation_forest
OP_0015,low,2549483.0,1163810.61880644,0.4249618373841025,1.1906339045218999,-0.6429755907114987,7.755590499585875,isolation_forest
OP_0015,low,1473007.0,1716673.6976038776,0.4249618373841025,0.14194118424717878,-0.5925134907402729,3.321671045436531,isolation_forest
OP_0015,low,1321936.0,965445.8550285329,0.4249618373841025,0.3692492366243898,-0.553224863983705,2.6994215518502402,isolation_forest
OP_0015,low,1878039.0,1740877.4921264742,0.4249618373841025,0.07878871919125319,-0.5999940885329663,4.989965800129638,isolation_forest
OP_0015,low,2504106.0,1907504.0880555306,0.4249618373841025,0.31276573176450323,-0.7079170892755814,7.568686227617958,isolation_forest
OP_0015,low,1428846.0,1695749.562328388,0.4249618373841025,0.1573956250720831,-0.6130189597628302,3.139775381237153,isolation_forest
OP_0015,low,1759070.0,2293784.2302030693,0.4249618373841025,0.23311444169957124,-0.6149760691965789,4.4999419040644275,isolation_forest
OP_0015,low,1363029.0,2287362.9417265137,0.4249618373841025,0.404104624091191,-0.6050765918477665,2.8686803668441265,isolation_forest
OP_0015,low,953959.0,1684372.6930993362,0.4249618373841025,0.4336413764553116,-0.5583302082956612,1.183753409709112,isolation_forest
OP_0015,low,791471.031367477,1078997.196239714,0.4249618373841025,0.2664753586703103,-0.588541657337083,0.5144783258382667,isolation_forest
OP_0015,low,872740.0,1374149.8669074215,0.4249618373841025,0.3648873234153595,-0.5574113895639398,0.8492187761951687,isolation_forest
OP_0015,low,975611.0,793888.4749068355,0.4249618373841025,0.22890183046742182,-0.5899482978395342,1.2729362842193115,isolation_forest
OP_0015,low,690971.9359524163,598529.5050548431,0.4249618373841025,0.15444924622237735,-0.5543815688943202,0.10053050509238014,isolation_forest
OP_0015,low,435208.0,-5159552.077513001,0.4249618373841025,0.0,-0.6417682276946821,-0.952940906522208,isolation_forest
OP_0015,low,2045601.0,1011348.4266240331,0.4249618373841025,1.022647137375187,-0.6040980652013666,5.680140417655873,isolation_forest
OP_0015,low,816753.0,2764183.371173435,0.4249618373841025,0.7045228588965584,-0.6705334065576372,0.6186127538784061,isolation_forest
OP_0015,low,708154.0,2510814.7287881644,0.4249618373841025,0.7179584810139344,-0.5765749274118188,0.17130206715509358,isolation_forest
OP_0015,low,699905.0,2312069.9400156084,0.4249618373841025,0.6972820813563819,-0.6477659556568915,0.1373250889621028,isolation_forest
OP_0015,low,334102.0,-550361.7996146088,0.4249618373841025,0.0,-0.5353196369468431,-1.3693885192244173,isolation_forest
OP_0015,low,353543.0,2219867.4489375437,0.4249618373841025,0.8407368871644971,-0.5574133731861284,-1.2893125787407305,isolation_forest
OP_0015,low,531231.0,2628848.3601119667,0.4249618373841025,0.7979225397476429,-0.6341981042752051,-0.5574297685629943,isolation_forest
OP_0015,low,2098631.0,932363.3967098743,0.4249618373841025,1.2508723609331438,-0.5860516600228395,5.8985667909828585,isolation_forest
OP_0015,low,877239.0,24408.867293871008,0.4249618373841025,34.93935717862139,-0.5623735799409335,0.8677498011545899,isolation_forest
OP_0015,low,691812.0,1440886.0193048613,0.4249618373841025,0.5198704194980276,-0.5949029750043393,0.10399066242362852,isolation_forest
OP_0015,low,1586073.0,1188994.604064973,0.4249618373841025,0.3339614785277263,-0.5945199019434798,3.7873809516516714,isolation_forest
OP_0012,zero,2664000.0,22830240.483008362,0.3629573650447443,0.8833126614683402,-0.8859374310989596,78.49371491932415,isolation_forest
OP_0012,zero,25693.943487992885,-580970.7744405773,0.3629573650447443,0.0,-0.5798994467413189,-1.8103793963477577,isolation_forest
OP_0012,zero,207500.0,-393227.82616413943,0.3629573650447443,0.0,-0.6273656700911096,3.7233874967178386,isolation_forest
OP_0012,zero,180500.0,-470590.7510108184,0.3629573650447443,0.0,-0.57265025470036,2.9015683066464484,isolation_forest
OP_0012,zero,186250.0,966287.7224930078,0.3629573650447443,0.807252026839917,-0.6043672156487221,3.076585356383874,isolation_forest
OP_0012,zero,191500.0,1400710.300478207,0.3629573650447443,0.8632836497778154,-0.638577937503737,3.236383532231089,isolation_forest
OP_0012,zero,189000.0,752051.9306098968,0.3629573650447443,0.7486875675636849,-0.6124145665141586,3.160289162780034,isolation_forest
OP_0012,zero,158000.0,668738.0115442406,0.3629573650447443,0.7637340822975673,-0.5592542985508356,2.2167189815869563,isolation_forest
OP_0012,zero,262250.0,-6413.201930742711,0.3629573650447443,0.0,-0.7068653529757178,5.389854187695935,isolation_forest
OP_0012,zero,105800.0,-1553671.6988643277,0.3629573650447443,0.0,-0.5809964097916155,0.627868547448935,isolation_forest
OP_0012,zero,159600.0,-1184710.057287857,0.3629573650447443,0.0,-0.6247934847640656,2.2654193780356313,isolation_forest
OP_0012,zero,179532.36462496294,288161.0119085349,0.3629573650447443,0.37697204963332015,-0.5604751953668525,2.8721156651576565,isolation_forest
OP_0012,zero,182459.5227438482,341719.95987931266,0.3629573650447443,0.4660554133030785,-0.5754360567446191,2.9612117656937005,isolation_forest
OP_0012,zero,199371.99187518528,651171.6592660304,0.3629573650447443,0.6938257538727839,-0.6832401219507831,3.4759892354575084,isolation_forest
OP_0012,zero,120989.20224725764,-783017.9475070238,0.3629573650447443,0.0,-0.5502378458766194,1.0901936544367798,isolation_forest
OP_0012,zero,73504.19276311889,-1651863.1034774221,0.3629573650447443,0.0,-0.5440313423932714,-0.35514308759237534,isolation_forest
OP_0012,zero,72365.8534946635,-1672691.5832438357,0.3629573650447443,0.0,-0.5539746561472647,-0.38979157113417023,isolation_forest
OP_0012,zero,71227.51422620812,-1693520.0630102493,0.3629573650447443,0.0,-0.5620864859300787,-0.42444005467596513,isolation_forest
OP_0012,zero,69926.55506225911,-1717324.0398861505,0.3629573650447443,0.0,-0.572319841840804,-0.4640383215808736,isolation_forest
OP_0012,zero,29271.58118885265,-515509.8380318489,0.3629573650447443,0.0,-0.551018547707181,-1.70148416235926,isolation_forest
OP_0012,zero,149285.06406314851,1680407.0287700482,0.3629573650447443,0.9111613665574728,-0.5781704880645344,1.9514559596185364,isolation_forest
OP_0012,zero,156115.09967388082,1805377.9073685296,0.3629573650447443,0.9135277445034043,-0.6195761313395636,2.159346860869306,isolation_forest
OP_0012,zero,27645.382233916393,-545264.8091267254,0.3629573650447443,0.0,-0.5516887077964177,-1.7509819959903956,isolation_forest
OP_0012,zero,69438.69537577823,-1726250.5312146135,0.3629573650447443,0.0,-0.5908946503368895,-0.4788876716702143,isolation_forest
OP_0012,zero,141641.92897494812,1540558.6646241266,0.3629573650447443,0.9080580751467152,-0.5428617587905965,1.7188161415522005,isolation_forest
OP_0012,zero,5500.0,-973736.3928929493,0.3629573650447443,0.0,-0.6989513749726532,-2.425037554927378,isolation_forest
OP_0012,zero,141967.16876593538,1546509.658843102,0.3629573650447443,0.9082015634663823,-0.543174656044827,1.7287157082784275,isolation_forest
