date,GGR,num_operators,operators_list,num_reports,total_bets,total_stake,total_payout,modal_game_type,is_missing,GGR_interpolated,was_interpolated,expected_GGR
2024-12-30,2790238.0,1,SAH,2,101,7081448.0,4291210.0,RRI_sports,0,2790238.0,0,2790238.0
2024-12-31,3134493737.5379996,9,"ABA,BET,ELD,ENT,INT,MAS,RUB,SAH,TIT",11,1645245,4463697751.8,1329014114.2719998,RRI_sports,0,3134493737.5379996,0,3134493737.5379996
2025-01-01,1324484758.0830002,10,"ABA,ABE,BET,ELD,ENT,INT,MAS,RUB,SAH,TIT",13,989808,2864150884.73,1539373373.6469998,RRI_sports,0,1324484758.0830002,0,1324484758.0830002
2025-01-02,689647803.71,10,"ABA,ABE,BET,ELD,ENT,INT,MAS,RUB,SAH,TIT",13,580974,1865427529.57,1175749834.86,RRI_sports,0,689647803.71,0,689647803.71
2025-01-03,341668774.1729999,10,"ABA,ABE,BET,ELD,ENT,INT,MAS,RUB,SAH,TIT",13,542616,1882152803.04,1540380970.707,RRI_sports,0,341668774.1729999,0,341668774.1729999
2025-01-04,1054617044.226,9,"ABA,ABE,BET,ELD,INT,MAS,RUB,SAH,TIT",12,1980738,6354672285.97,5299793606.464,RRI_sports,0,1054617044.226,0,1054617044.226
2025-01-05,3510390985.57,10,"ABA,ABE,BET,ELD,ENT,INT,MAS,RUB,SAH,TIT",13,2094543,6458193332.240001,2947673135.4700003,RRI_sports,0,3510390985.57,0,2551845787.5022254
2025-01-06,648598666.8969998,10,"ABA,ABE,BET,ELD,ENT,INT,MAS,RUB,SAH,TIT",13,963741,2784358250.49,2135724767.583,RRI_sports,0,648598666.8969998,0,576342258.8874105
2025-01-07,61842319.75099978,10,"ABA,ABE,BET,ELD,ENT,INT,MAS,RUB,SAH,TIT",13,754783,2426184003.33,2364248832.579,RRI_sports,0,61842319.75099978,0,915819889.3261817
2025-01-08,737900013.0529999,10,"ABA,ABE,BET,ELD,ENT,INT,MAS,RUB,SAH,TIT",13,975805,3318074742.05,2580130226.997,RRI_sports,0,737900013.0529999,0,752654909.9744589
2025-01-09,1472618769.051,9,"ABA,ABE,BET,ELD,ENT,INT,RUB,SAH,TIT",12,879514,3116443665.23,1643770836.179,RRI_sports,0,1472618769.051,0,1038307523.3424162
2025-01-10,1323089343.3279998,10,"ABA,ABE,BET,ELD,ENT,INT,MAS,RUB,SAH,TIT",13,1097983,3448671516.31,2125520767.982,RRI_sports,0,1323089343.3279998,0,743674529.2125474
2025-01-11,978679372.232,10,"ABA,ABE,BET,ELD,ENT,INT,MAS,RUB,SAH,TIT",13,1785375,6142272009.35,5162815504.118,CTG_multi,0,978679372.232,0,989406192.5501891
2025-01-12,2959945053.385999,10,"ABA,ABE,BET,ELD,ENT,INT,MAS,RUB,SAH,TIT",15,2453874,7302648180.549999,4342585127.164,RRI_other,0,2959945053.385999,0,2357123799.065252
2025-01-13,423607203.282,10,"ABA,ABE,BET,ELD,ENT,INT,MAS,RUB,SAH,TIT",13,887598,2792129443.95,2368485139.6679997,RRI_sports,0,423607203.282,0,623731411.836904
2025-01-14,303209324.606,10,"ABA,ABE,BET,ELD,ENT,INT,MAS,RUB,SAH,TIT",14,867495,3086669863.99,2783430638.3840003,RRI_other,0,303209324.606,0,548915180.5224749
2025-01-15,1201159430.525,10,"ABA,ABE,BET,ELD,ENT,INT,MAS,RUB,SAH,TIT",13,1568109,5031229526.51,3830019845.985,RRI_sports,0,1201159430.525,0,833089690.5363227
2025-01-16,-348267646.5410001,10,"ABA,ABE,BET,ELD,ENT,INT,MAS,RUB,SAH,TIT",13,1488843,4574390212.53,4922405120.071,RRI_sports,0,-348267646.5410001,0,762242651.4669253
2025-01-17,1720316282.343,10,"ABA,ABE,BET,ELD,ENT,INT,MAS,RUB,SAH,TIT",13,1218808,4544428747.69,2824068722.347,RRI_sports,0,1720316282.343,0,753742175.713631
2025-01-18,1871457185.642001,10,"ABA,ABE,BET,ELD,ENT,INT,MAS,RUB,SAH,TIT",12,2028228,6792589730.120001,4921113416.478,RRI_sports,0,1871457185.642001,0,2447922874.7932744
2025-01-19,566121645.6839993,10,"ABA,ABE,BET,ELD,ENT,INT,MAS,RUB,SAH,TIT",13,2120791,6970273356.11,6404120608.426001,RRI_sports,0,566121645.6839993,0,1877656088.814555
2025-01-20,50754739.672999926,10,"ABA,ABE,BET,ELD,ENT,INT,MAS,RUB,SAH,TIT",27,1232719,3891880457.71,3841094288.037,RRI_other,0,50754739.672999926,0,452583582.53368574
2025-01-21,-57602183.506999984,10,"ABA,ABE,BET,ELD,ENT,INT,MAS,RUB,SAH,TIT",13,970877,3737656016.28,3795245528.787,RRI_sports,0,-57602183.506999984,0,553364672.2555947
2025-01-22,-323095335.327,10,"ABA,ABE,BET,ELD,ENT,INT,MAS,RUB,SAH,TIT",13,1415381,5114863766.46,5437955481.787001,RRI_sports,0,-323095335.327,0,745440033.4411091
2025-01-23,1607240285.229,10,"ABA,ABE,BET,ELD,ENT,INT,MAS,RUB,SAH,TIT",13,1685370,6031303155.38,4423764205.071,RRI_sports,0,1607240285.229,0,872219399.6951206
2025-01-24,2614627128.263,10,"ABA,ABE,BET,ELD,ENT,INT,MAS,RUB,SAH,TIT",13,1875115,5370045413.059999,2755380066.797,RRI_sports,0,2614627128.263,0,1961832370.6081092
2025-01-25,115900404.315,10,"ABA,ABE,BET,ELD,ENT,INT,MAS,RUB,SAH,TIT",13,1593016,6032443585.84,5916279248.605,RRI_sports,0,115900404.315,0,680030379.5786098
2025-01-26,1894604386.853,10,"ABA,ABE,BET,ELD,ENT,INT,MAS,RUB,SAH,TIT",13,1991931,7270806504.44,5375231430.467,RRI_sports,0,1894604386.853,0,2458055374.6742597
2025-01-27,2444706018.5079994,10,"ABA,ABE,BET,ELD,ENT,INT,MAS,RUB,SAH,TIT",13,1732557,4741718006.929999,2296806688.4220004,RRI_sports,0,2444706018.5079994,0,1384609724.2740278
2025-01-28,485607905.258,10,"ABA,ABE,BET,ELD,ENT,INT,MAS,RUB,SAH,TIT",13,724827,2369278051.7999997,1883048226.542,RRI_sports,0,485607905.258,0,629926909.8378652
2025-01-29,332125466.873,10,"ABA,ABE,BET,ELD,ENT,INT,MAS,RUB,SAH,TIT",13,837264,3218716132.04,2886518238.5569997,RRI_sports,0,332125466.873,0,415136754.49722695
2025-01-30,-833662812.7820004,9,"ABA,ABE,BET,ELD,ENT,INT,RUB,SAH,TIT",12,1892733,6686223760.72,7519440026.002001,RRI_sports,0,-833662812.7820004,0,1167223059.713824
2025-01-31,1030165826.9090002,10,"ABA,ABE,BET,ELD,ENT,INT,MAS,RUB,SAH,TIT",13,1775844,6182979884.23,5152712657.320999,RRI_sports,0,1030165826.9090002,0,1350312799.3268092
2025-02-01,885972124.6599995,10,"ABA,ABE,BET,ELD,ENT,INT,MAS,RUB,SAH,TIT",13,1690047,6596017611.32,5710021217.66,RRI_sports,0,885972124.6599995,0,998532970.3075774
2025-02-02,4184568573.829,9,"ABA,ABE,BET,ELD,ENT,INT,RUB,SAH,TIT",12,2448956,8934756743.13,4750178461.301,RRI_sports,0,4184568573.829,0,2880621943.3077044
2025-02-03,956640599.456,10,"ABA,ABE,BET,ELD,ENT,INT,MAS,RUB,SAH,TIT",13,1307329,4067612673.68,3110945859.224,RRI_sports,0,956640599.456,0,683597034.367923
2025-02-04,478282409.7869999,10,"ABA,ABE,BET,ELD,ENT,INT,MAS,RUB,SAH,TIT",13,1329526,4277152288.71,3798512519.003,RRI_sports,0,478282409.7869999,0,1017764760.6106974
2025-02-05,1204231719.1369996,10,"ABA,ABE,BET,ELD,ENT,INT,MAS,RUB,SAH,TIT",13,937302,3625763209.41,2421521990.273,RRI_sports,0,1204231719.1369996,0,817686834.3056586
2025-02-06,1493686771.0010004,10,"ABA,ABE,BET,ELD,ENT,INT,MAS,RUB,SAH,TIT",27,1259634,4857810787.3,3364075889.469,RRI_other,0,1493686771.0010004,0,1064112235.9743692
2025-02-07,361007147.697,10,"ABA,ABE,BET,ELD,ENT,INT,MAS,RUB,SAH,TIT",13,1125638,4452456370.41,4091431422.713,RRI_sports,0,361007147.697,0,697312356.0264854
2025-02-08,-830165389.8979993,10,"ABA,ABE,BET,ELD,ENT,INT,MAS,RUB,SAH,TIT",13,1823796,7370488036.98,8200634516.877999,RRI_sports,0,-830165389.8979993,0,646382055.9777926
2025-02-09,2941497925.3100004,10,"ABA,ABE,BET,ELD,ENT,INT,MAS,RUB,SAH,TIT",13,2285228,7997530552.59,5055929491.28,RRI_sports,0,2941497925.3100004,0,2740222982.180585
2025-02-10,1603468245.1640005,10,"ABA,ABE,BET,ELD,ENT,INT,MAS,RUB,SAH,TIT",13,1228895,4298980665.07,2695397418.9059997,RRI_sports,0,1603468245.1640005,0,838104406.0192735
2025-02-11,771237304.1559997,9,"ABA,ABE,ELD,ENT,INT,MAS,RUB,SAH,TIT",12,918055,3376469808.4199996,2605133204.2640004,CTG_multi,0,771237304.1559997,0,804193839.2982781
2025-02-12,-804661326.9239994,10,"ABA,ABE,BET,ELD,ENT,INT,MAS,RUB,SAH,TIT",13,1586156,5759800953.900001,6564452030.823999,RRI_sports,0,-804661326.9239994,0,203670253.26927963
2025-02-13,3045217533.282,10,"ABA,ABE,BET,ELD,ENT,INT,MAS,RUB,SAH,TIT",13,1965295,6652667088.29,3607123771.008,CTG_multi,0,3045217533.282,0,2560756198.0876527
2025-02-14,864576237.273,10,"ABA,ABE,BET,ELD,ENT,INT,MAS,RUB,SAH,TIT",13,1348316,4245412832.61,3380816887.337,RRI_sports,0,864576237.273,0,818643297.0141451
2025-02-15,1995039544.339,10,"ABA,ABE,BET,ELD,ENT,INT,MAS,RUB,SAH,TIT",13,1587064,6216889882.97,4221799738.631,RRI_sports,0,1995039544.339,0,972529442.9403341
2025-02-16,4262796306.1810007,10,"ABA,ABE,BET,ELD,ENT,INT,MAS,RUB,SAH,TIT",13,3012874,9241940354.64,4979119915.459,RRI_sports,0,4262796306.1810007,0,2749728951.5987716
2025-02-17,778234626.822,10,"ABA,ABE,BET,ELD,ENT,INT,MAS,RUB,SAH,TIT",13,1120759,3381019541.56,2602685702.738,RRI_sports,0,778234626.822,0,805030666.2720197
2025-02-18,635457526.0359999,10,"ABA,ABE,BET,ELD,ENT,INT,MAS,RUB,SAH,TIT",13,1125147,3741759596.12,3106264170.084,RRI_sports,0,635457526.0359999,0,936317909.9242796
2025-02-19,1794891437.8460004,10,"ABA,ABE,BET,ELD,ENT,INT,MAS,RUB,SAH,TIT",13,1110237,4194909973.69,2399000672.844,RRI_sports,0,1794891437.8460004,0,810396817.3850805
2025-02-20,1501132129.91,10,"ABA,ABE,BET,ELD,ENT,INT,MAS,RUB,SAH,TIT",13,1324471,4537487368.950001,3036310127.04,RRI_sports,0,1501132129.91,0,1082193448.1167772
2025-02-21,1533182808.6130002,10,"ABA,ABE,BET,ELD,ENT,INT,MAS,RUB,SAH,TIT",13,1299665,4060128021.83,2526926213.217,RRI_sports,0,1533182808.6130002,0,743037446.0281746
2025-02-22,-1711241692.931,9,"ABA,ABE,BET,ELD,ENT,INT,MAS,RUB,SAH",12,1650614,5939447453.81,7650675620.741,CTG_multi,0,-1711241692.931,0,118377176.90534712
2025-02-23,3433400925.3180003,10,"ABA,ABE,BET,ELD,ENT,INT,MAS,RUB,SAH,TIT",13,2704142,8638866295.380001,5205447170.061999,RRI_sports,0,3433400925.3180003,0,2855567167.2585015
2025-02-24,212461238.9349998,11,"ABA,ABE,BET,ELD,ENT,INT,MAS,RUB,SAH,SPO,TIT",14,1331580,4192871265.39,3980371176.455,RRI_other,0,212461238.9349998,0,791456984.7531962
2025-02-25,388156347.886,10,"ABA,ABE,BET,ELD,ENT,INT,MAS,RUB,SAH,SPO",13,883933,3260762565.12,2872591017.234,RRI_other,0,388156347.886,0,1670682313.6980033
2025-02-26,-1379502898.676,10,"ABA,BET,ELD,ENT,INT,MAS,RUB,SAH,SPO,TIT",13,1368346,4976817161.54,6356236495.216,RRI_sports,0,-1379502898.676,0,379031927.12047005
2025-02-27,3250420667.018,12,"ABA,ABE,BET,ELD,ENT,HOM,INT,MAS,RUB,SAH,SPO,TIT",15,1925165,6608914355.23,3358392603.212,RRI_sports,0,3250420667.018,0,2379417202.4654617
2025-02-28,1213335038.5720005,12,"ABA,ABE,BET,ELD,ENT,HOM,INT,MAS,RUB,SAH,SPO,TIT",15,1015906,3985975103.7,2772593083.138,RRI_sports,0,1213335038.5720005,0,849809369.8959864
2025-03-01,13231573953.987,12,"ABA,ABE,BET,ELD,ENT,HOM,INT,MAS,RUB,SAH,SPO,TIT",15,1724526,7196976291.08,-6034206402.907001,RRI_sports,0,13231573953.987,0,3045143570.642241
2025-03-02,12221526286.327,12,"ABA,ABE,BET,ELD,ENT,HOM,INT,MAS,RUB,SAH,SPO,TIT",15,2138801,7661489246.37,-4560048739.957,RRI_sports,0,12221526286.327,0,7626745886.791768
2025-03-03,5354917531.910001,12,"ABA,ABE,BET,ELD,ENT,HOM,INT,MAS,RUB,SAH,SPO,TIT",15,1035910,3683830914.46,-1670716877.14,RRI_sports,0,5354917531.910001,0,6995201214.277494
2025-03-04,6232519993.724999,11,"ABA,ABE,BET,ELD,ENT,HOM,INT,MAS,SAH,SPO,TIT",14,914830,3611170313.72,-2621075118.2149997,RRI_sports,0,6232519993.724999,0,5913121761.742492
2025-03-05,10092971189.693,12,"ABA,ABE,BET,ELD,ENT,HOM,INT,MAS,RUB,SAH,SPO,TIT",15,1329673,5096010026.030001,-4996954984.663,RRI_sports,0,10092971189.693,0,7017608864.407833
2025-03-06,12641701575.931,12,"ABA,ABE,BET,ELD,ENT,HOM,INT,MAS,RUB,SAH,SPO,TIT",15,1544032,6718457840.79,-5923253060.161,RRI_sports,0,12641701575.931,0,8891142704.626371
2025-03-07,8619651091.182001,12,"ABA,ABE,BET,ELD,ENT,HOM,INT,MAS,RUB,SAH,SPO,TIT",15,1797123,5614683588.34,-3004987102.842,RRI_sports,0,8619651091.182001,0,8510262224.357822
2025-03-08,11526538095.875,11,"ABA,ABE,ELD,ENT,HOM,INT,MAS,RUB,SAH,SPO,TIT",14,1681194,6669588407.83,-4856902793.615,CTG_multi,0,11526538095.875,0,8510262224.357822
2025-03-09,13151236085.31,12,"ABA,ABE,BET,ELD,ENT,HOM,INT,MAS,RUB,SAH,SPO,TIT",15,2575779,8534642882.34,-4616623703.969999,RRI_sports,0,13151236085.31,0,8893988536.39797
2025-03-10,5972340399.49,12,"ABA,ABE,BET,ELD,ENT,HOM,INT,MAS,RUB,SAH,SPO,TIT",14,1493982,4417043798.38,-1555335701.11,RRI_sports,0,5972340399.49,0,8415527654.926143
2025-03-11,5186517562.416,12,"ABA,ABE,BET,ELD,ENT,HOM,INT,MAS,RUB,SAH,SPO,TIT",15,1139114,3539929006.06,-1646740776.366,RRI_sports,0,5186517562.416,0,6236882565.273127
2025-03-12,8982014560.442999,12,"ABA,ABE,BET,ELD,ENT,HOM,INT,MAS,RUB,SAH,SPO,TIT",15,1329659,5044881524.44,-3937283175.993,RRI_sports,0,8982014560.442999,0,6818533525.84133
2025-03-13,7687624673.889999,13,"ABA,ABE,ADV,BET,ELD,ENT,HOM,INT,MAS,RUB,SAH,SPO,TIT",16,1343447,4921210040.179999,-2767633183.81,RRI_sports,0,7687624673.889999,0,8997178615.494347
2025-03-14,-2418283846.4009995,13,"ABA,ABE,ADV,BET,ELD,ENT,HOM,INT,MAS,RUB,SAH,SPO,TIT",16,1616164,5517240588.36,7935276540.351001,RRI_sports,0,-2418283846.4009995,0,4003208177.5756254
2025-03-15,-125649380.03500074,13,"ABA,ABE,ADV,BET,ELD,ENT,HOM,INT,MAS,RUB,SAH,SPO,TIT",16,1635525,6402638930.25,6527522705.365001,CTG_multi,0,-125649380.03500074,0,2702586438.9094057
2025-03-16,2302726980.5480003,13,"ABA,ABE,ADV,BET,ELD,ENT,HOM,INT,MAS,RUB,SAH,SPO,TIT",16,2583093,8841491057.82,6538277127.272,RRI_sports,0,2302726980.5480003,0,3692432619.9618764
2025-03-17,-1384049858.94,13,"ABA,ABE,ADV,BET,ELD,ENT,HOM,INT,MAS,RUB,SAH,SPO,TIT",16,1707364,4756417074.26,6139887683.2,RRI_sports,0,-1384049858.94,0,976548521.0678997
2025-03-18,1012182370.802,13,"ABA,ABE,ADV,BET,ELD,ENT,HOM,INT,MAS,RUB,SAH,SPO,TIT",16,913268,2589728342.11,1577508141.298,RRI_sports,0,1012182370.802,0,287882973.1089217
2025-03-19,1091975033.039,13,"ABA,ABE,ADV,BET,ELD,ENT,HOM,INT,MAS,RUB,SAH,SPO,TIT",16,834115,2805622061.81,1713633578.771,RRI_sports,0,1091975033.039,0,526852864.9797963
2025-03-20,903802764.126,13,"ABA,ABE,ADV,BET,ELD,ENT,HOM,INT,MAS,RUB,SAH,SPO,TIT",16,861040,2736438318.83,1832617146.704,RRI_sports,0,903802764.126,0,1232854908.291205
2025-03-21,1928086426.595,13,"ABA,ABE,ADV,BET,ELD,ENT,HOM,INT,MAS,RUB,SAH,SPO,TIT",16,1154295,4041675811.03,2112470142.435,RRI_sports,0,1928086426.595,0,596473240.0151379
2025-03-22,1298191787.1879995,9,"ABA,ADV,ELD,ENT,HOM,INT,MAS,SAH,TIT",11,1153217,4278187504.86,2979985417.6720004,CTG_multi,0,1298191787.1879995,0,661952164.9784329
2025-03-23,902717820.3079998,14,"ABA,ABE,ADV,BET,EDG,ELD,ENT,HOM,INT,MAS,RUB,SAH,SPO,TIT",17,1056524,3611509870.59,2708711819.282,RRI_sports,0,902717820.3079998,0,481615817.3294428
2025-03-24,-1007510900.2160002,14,"ABA,ABE,ADV,BET,EDG,ELD,ENT,HOM,INT,MAS,RUB,SAH,SPO,TIT",18,762017,3047753951.41,4055249218.626,RRI_sports,0,-1007510900.2160002,0,367517918.9945203
2025-03-25,-84384138.27400023,14,"ABA,ABE,ADV,BET,EDG,ELD,ENT,HOM,INT,MAS,RUB,SAH,SPO,TIT",18,1001003,4113127538.13,4197468776.404,RRI_sports,0,-84384138.27400023,0,669986624.0580336
2025-03-26,243259458.52799988,14,"ABA,ABE,ADV,BET,EDG,ELD,ENT,HOM,INT,MAS,RUB,SAH,SPO,TIT",18,806118,3036246169.17,2792954810.6419997,RRI_sports,0,243259458.52799988,0,634095383.854945
2025-03-27,334658509.0449999,14,"ABA,ABE,ADV,BET,EDG,ELD,ENT,HOM,INT,MAS,RUB,SAH,SPO,TIT",18,615615,2315309073.5,1980569208.955,RRI_sports,0,334658509.0449999,0,1250397834.4435744
2025-03-28,1018273118.037,14,"ABA,ABE,ADV,BET,EDG,ELD,ENT,HOM,INT,MAS,RUB,SAH,SPO,TIT",18,972032,4092507118.57,3074204499.5330005,RRI_sports,0,1018273118.037,0,539346782.7146208
2025-03-29,1867778724.3510003,13,"ABE,ADV,BET,EDG,ELD,ENT,HOM,INT,MAS,RUB,SAH,SPO,TIT",18,2132875,8874483769.04,7004933897.689,RRI_sports,0,1867778724.3510003,0,2345286424.967885
2025-03-30,-3622728252.706,14,"ABA,ABE,ADV,BET,EDG,ELD,ENT,HOM,INT,MAS,RUB,SAH,SPO,TIT",18,1761422,7863374139.99,11483972625.696,RRI_sports,0,-3622728252.706,0,563072809.3261667
2025-03-31,433664369.51300013,14,"ABA,ABE,ADV,BET,EDG,ELD,ENT,HOM,INT,MAS,RUB,SAH,SPO,TIT",18,958543,3904305250.41,3470587890.8970003,RRI_sports,0,433664369.51300013,0,495059561.9123386
2025-04-01,2549950893.41,14,"ABA,ABE,ADV,BET,EDG,ELD,ENT,HOM,INT,MAS,RUB,SAH,SPO,TIT",18,1452423,5880090309.69,3330074416.2799997,RRI_sports,0,2549950893.41,0,949556272.2547449
2025-04-02,2728678117.623,14,"ABA,ABE,ADV,BET,EDG,ELD,ENT,HOM,INT,MAS,RUB,SAH,SPO,TIT",18,1589840,6359896263.28,3631172045.657,RRI_sports,0,2728678117.623,0,1666565649.7902832
2025-04-03,-426210279.6360002,15,"ABA,ABE,ADV,BET,DAY,EDG,ELD,ENT,HOM,INT,MAS,RUB,SAH,SPO,TIT",19,815408,3671378255.56,4097357476.196,RRI_other,0,-426210279.6360002,0,271367237.1331218
2025-04-04,63164498.88299952,15,"ABA,ABE,ADV,BET,DAY,EDG,ELD,ENT,HOM,INT,MAS,RUB,SAH,SPO,TIT",19,1248676,5147890583.459999,5084683311.587001,RRI_other,0,63164498.88299952,0,562820506.0904831
2025-04-05,3690430928.414001,15,"ABA,ABE,ADV,BET,DAY,EDG,ELD,ENT,HOM,INT,MAS,RUB,SAH,SPO,TIT",19,2378361,9369734018.08,5679032546.666,RRI_other,0,3690430928.414001,0,2647712298.289693
2025-04-06,2025861717.3250003,15,"ABA,ABE,ADV,BET,DAY,EDG,ELD,ENT,HOM,INT,MAS,RUB,SAH,SPO,TIT",19,1859770,6978821761.77,4951928843.445,RRI_other,0,2025861717.3250003,0,1956848476.840563
2025-04-07,317472523.3020001,15,"ABA,ABE,ADV,BET,BLU,DAY,EDG,ELD,ENT,INT,MAS,RUB,SAH,SPO,TIT",19,949993,3564836208.51,3247350921.208,RRI_other,0,317472523.3020001,0,841470189.5211667
2025-04-08,1942911629.062,16,"ABA,ABE,ADV,BET,BLU,DAY,EDG,ELD,ENT,HOM,INT,MAS,RUB,SAH,SPO,TIT",20,1301556,4736350677.43,2793423819.368,RRI_sports,0,1942911629.062,0,758715703.7943188
2025-04-09,960353801.385,15,"ABA,ABE,ADV,BET,BLU,DAY,EDG,ELD,ENT,HOM,INT,MAS,RUB,SAH,TIT",19,1124881,4391118077.29,3430698678.9049997,RRI_sports,0,960353801.385,0,1081257837.4342859
2025-04-10,-185332998.4200005,16,"ABA,ABE,ADV,BET,BLU,DAY,EDG,ELD,ENT,HOM,INT,MAS,RUB,SAH,SPO,TIT",20,1210604,4695295184.139999,4880588897.56,RRI_sports,0,-185332998.4200005,0,526655924.09117883
2025-04-11,870357493.5839996,16,"ABA,ABE,ADV,BET,BLU,DAY,EDG,ELD,ENT,HOM,INT,MAS,RUB,SAH,SPO,TIT",20,1235563,4923465477.07,4053066783.486,RRI_sports,0,870357493.5839996,0,594397930.372127
2025-04-12,2513858081.832,15,"ABA,ABE,ADV,BET,BLU,EDG,ELD,ENT,HOM,INT,MAS,RUB,SAH,SPO,TIT",19,2266291,8895959153.33,6381790501.278,RRI_sports,0,2513858081.832,0,2358584036.0558243
2025-04-13,-68307627.23500025,16,"ABA,ABE,ADV,BET,BLU,DAY,EDG,ELD,ENT,HOM,INT,MAS,RUB,SAH,SPO,TIT",20,1901348,7621147455.76,7689326267.995001,RRI_sports,0,-68307627.23500025,0,1004139511.4988062
2025-04-14,327859315.81299996,17,"ABA,ABE,ADV,BET,BLU,DAY,EDG,ELD,ENT,GAR,HOM,INT,MAS,RUB,SAH,SPO,TIT",22,1270008,4680741961.62,4352836507.807,RRI_sports,0,327859315.81299996,0,518022532.0815353
2025-04-15,463357747.1359999,18,"ABA,ABE,ADV,BET,BLU,DAY,EDG,ELD,ENT,GAR,HOM,INT,KEF,MAS,RUB,SAH,SPO,TIT",23,1269026,5091674038.860001,4628291086.724,RRI_other,0,463357747.1359999,0,822024089.0128956
2025-04-16,1417364031.314,18,"ABA,ABE,ADV,BET,BLU,DAY,EDG,ELD,ENT,GAR,HOM,INT,KEF,MAS,RUB,SAH,SPO,TIT",25,1601104,6136126697.92,4718686866.606,RRI_sports,0,1417364031.314,0,1048631224.5359179
2025-04-17,2098802397.6400008,18,"ABA,ABE,ADV,BET,BLU,DAY,EDG,ELD,ENT,GAR,HOM,INT,KEF,MAS,RUB,SAH,SPO,TIT",24,1779538,6987566005.63,4888385007.990001,RRI_sports,0,2098802397.6400008,0,1314632417.78197
2025-04-18,1613739526.8819995,17,"ABA,ABE,ADV,BET,BLU,EDG,ELD,ENT,GAR,HOM,INT,KEF,MAS,RUB,SAH,SPO,TIT",23,1851650,6720996203.099999,5107121676.218,RRI_sports,0,1613739526.8819995,0,945341638.2016138
2025-04-19,2832761625.6530004,17,"ABA,ABE,ADV,BET,BLU,EDG,ELD,ENT,GAR,HOM,INT,KEF,MAS,RUB,SAH,SPO,TIT",22,2590105,9199526312.76,6366746817.106999,RRI_sports,0,2832761625.6530004,0,1987019034.7589366
2025-04-20,2313315298.171,18,"ABA,ABE,ADV,BET,BLU,DAY,EDG,ELD,ENT,GAR,HOM,INT,KEF,MAS,RUB,SAH,SPO,TIT",23,2210169,7849126221.76,5535790012.589,RRI_sports,0,2313315298.171,0,1899901108.2504034
2025-04-21,-190018265.5749995,18,"ABA,ABE,ADV,BET,BLU,DAY,EDG,ELD,ENT,GAR,HOM,INT,KEF,MAS,RUB,SAH,SPO,TIT",26,1125612,3827737405.89,4013477476.075,RRI_sports,0,-190018265.5749995,0,313352070.66838723
2025-04-22,1278975484.117,18,"ABA,ABE,ADV,BET,BLU,DAY,EDG,ELD,ENT,GAR,HOM,INT,KEF,MAS,RUB,SAH,SPO,TIT",23,1365376,4487076203.69,3208068304.573,RRI_other,0,1278975484.117,0,581867430.2971427
2025-04-23,1215365853.399,18,"ABA,ABE,ADV,BET,BLU,DAY,EDG,ELD,ENT,GAR,HOM,INT,KEF,MAS,RUB,SAH,SPO,TIT",26,1681564,6187406808.71,4972005282.871,RRI_sports,0,1215365853.399,0,931595239.3869605
2025-04-24,897731142.2799996,18,"ABA,ABE,ADV,BET,BLU,DAY,EDG,ELD,ENT,GAR,HOM,INT,KEF,MAS,RUB,SAH,SPO,TIT",23,1327699,4862565691.58,3953945262.3,RRI_other,0,897731142.2799996,0,761134209.5462087
2025-04-25,523783747.357,18,"ABA,ABE,ADV,BET,BLU,DAY,EDG,ELD,ENT,GAR,HOM,INT,KEF,MAS,RUB,SAH,SPO,TIT",22,1570263,5474474689.370001,4949498435.0130005,RRI_sports,0,523783747.357,0,747474388.757049
2025-04-26,317017223.4660002,18,"ABA,ABE,ADV,BET,BLU,DAY,EDG,ELD,ENT,GAR,HOM,INT,KEF,MAS,RUB,SAH,SPO,TIT",23,2353481,8227057217.59,7908513689.124,RRI_sports,0,317017223.4660002,0,716552496.0864892
2025-04-27,1063064748.3499995,18,"ABA,ABE,ADV,BET,BLU,DAY,EDG,ELD,ENT,GAR,HOM,INT,KEF,MAS,RUB,SAH,SPO,TIT",23,2328474,8738036939.43,7674948500.08,RRI_other,0,1063064748.3499995,0,1178788493.5626717
2025-04-28,914670315.73,17,"ABA,ADV,BET,BLU,DAY,EDG,ELD,ENT,GAR,HOM,INT,KEF,MAS,RUB,SAH,SPO,TIT",21,1223416,4484196125.57,3566464319.8400006,RRI_sports,0,914670315.73,0,664429538.3138976
2025-04-29,1276971076.814,18,"ABA,ABE,ADV,BET,BLU,DAY,EDG,ELD,ENT,GAR,HOM,INT,KEF,MAS,RUB,SAH,SPO,TIT",23,1273639,4432806192.2699995,3155819086.746,RRI_other,0,1276971076.814,0,707898571.4416331
2025-04-30,1289480927.6449995,11,"ABE,ADV,BET,DAY,ELD,ENT,GAR,INT,RUB,SAH,TIT",15,1359370,4527954084.26,3238445756.615,RRI_sports,0,1289480927.6449995,0,840083961.663281
2025-05-01,743696901.655,18,"ABA,ABE,ADV,BET,BLU,DAY,EDG,ELD,ENT,GAR,HOM,INT,KEF,MAS,RUB,SAH,SPO,TIT",23,1559549,5569577740.4,4825812688.745,RRI_other,0,743696901.655,0,766219777.0909663
2025-05-02,1390688469.5420003,18,"ABA,ABE,ADV,BET,BLU,DAY,EDG,ELD,ENT,GAR,HOM,INT,KEF,MAS,RUB,SAH,SPO,TIT",23,1550775,5269432694.29,3878707804.748,RRI_other,0,1390688469.5420003,0,808553916.650263
2025-05-03,-801591811.9790001,18,"ABA,ABE,ADV,BET,BLU,DAY,EDG,ELD,ENT,GAR,HOM,INT,KEF,MAS,RUB,SAH,SPO,TIT",23,2574053,9116213374.82,9917724581.049,RRI_other,0,-801591811.9790001,0,786983580.8007814
2025-05-04,-1732905989.4510005,18,"ABA,ABE,ADV,BET,BLU,DAY,EDG,ELD,ENT,GAR,HOM,INT,KEF,MAS,RUB,SAH,SPO,TIT",23,2410238,9100112426.79,10832766435.241,RRI_other,0,-1732905989.4510005,0,402967232.33001554
2025-05-05,-440162986.09200007,18,"ABA,ABE,ADV,BET,BLU,DAY,EDG,ELD,ENT,GAR,HOM,INT,KEF,MAS,RUB,SAH,SPO,TIT",23,1208709,4745434388.33,5185539358.422,RRI_other,0,-440162986.09200007,0,502714834.02314407
2025-05-06,-33161580.126000237,19,"ABA,ABE,ADV,BET,BLU,DAY,EDG,ELD,ENT,GAR,HOM,INT,KEF,MAS,RED,RUB,SAH,SPO,TIT",25,1310865,4604531403.61,4637631068.736,RRI_other,0,-33161580.126000237,0,724654152.2108529
2025-05-07,763280153.6239998,20,"ABA,ABE,ADV,BET,BLU,DAY,EDG,ELD,ENT,GAR,HOM,INT,KEF,MAS,QUI,RED,RUB,SAH,SPO,TIT",25,1500405,5602450980.92,4839124367.296,RRI_other,0,763280153.6239998,0,1349203649.104256
2025-05-08,-714949456.614,19,"ABA,ABE,ADV,BET,BLU,DAY,EDG,ELD,ENT,GAR,HOM,INT,KEF,MAS,QUI,RUB,SAH,SPO,TIT",25,1388087,5595471858.59,6310351246.6640005,RRI_other,0,-714949456.614,0,498168651.70234144
2025-05-09,723163000.0499995,20,"ABA,ABE,ADV,BET,BLU,DAY,EDG,ELD,ENT,GAR,HOM,INT,KEF,MAS,QUI,RED,RUB,SAH,SPO,TIT",25,1916979,7147193234.299999,6423976515.0,RRI_other,0,723163000.0499995,0,990865610.6172347
2025-05-10,2488659325.4160004,19,"ABA,ABE,ADV,BET,BLU,DAY,EDG,ELD,ENT,GAR,HOM,INT,KEF,MAS,QUI,RUB,SAH,SPO,TIT",24,2698252,10097421149.45,7608460076.034,RRI_other,0,2488659325.4160004,0,1795269105.5349908
2025-05-11,1592908997.8049998,19,"ABA,ADV,BET,BLU,DAY,EDG,ELD,ENT,GAR,HOM,INT,KEF,MAS,QUI,RED,RUB,SAH,SPO,TIT",23,2535901,9940360827.11,8346775529.305,RRI_sports,0,1592908997.8049998,0,1728671512.8379846
2025-05-12,710924945.0430001,19,"ABA,ABE,ADV,BET,BLU,DAY,EDG,ELD,ENT,GAR,HOM,INT,KEF,MAS,QUI,RUB,SAH,SPO,TIT",23,1187699,3987912942.27,3276936697.227,RRI_other,0,710924945.0430001,0,514869898.565917
2025-05-13,1094900481.391,20,"ABA,ABE,ADV,BET,BLU,DAY,EDG,ELD,ENT,GAR,HOM,INT,KEF,MAS,QUI,RED,RUB,SAH,SPO,TIT",25,1358600,4262570718.1,3166777977.519,RRI_other,0,1094900481.391,0,737182668.404283
2025-05-14,1225967362.5460002,20,"ABA,ABE,ADV,BET,BLU,DAY,EDG,ELD,ENT,GAR,HOM,INT,KEF,MAS,QUI,RED,RUB,SAH,SPO,TIT",25,1450565,5255865335.05,4029602415.504,RRI_other,0,1225967362.5460002,0,903906097.0750669
2025-05-15,686215723.8529999,20,"ABA,ABE,ADV,BET,BLU,DAY,EDG,ELD,ENT,GAR,HOM,INT,KEF,MAS,QUI,RED,RUB,SAH,SPO,TIT",24,1389520,5182638216.39,4496375012.537001,RRI_sports,0,686215723.8529999,0,752248956.7952944
2025-05-16,735264899.7669998,20,"ABA,ABE,ADV,BET,BLU,DAY,EDG,ELD,ENT,GAR,HOM,INT,KEF,MAS,QUI,RED,RUB,SAH,SPO,TIT",26,1701197,6681576529.74,5946293394.973,RRI_other,0,735264899.7669998,0,673838043.9083761
2025-05-17,1562698291.0239997,20,"ABA,ABE,ADV,BET,BLU,DAY,EDG,ELD,ENT,GAR,HOM,INT,KEF,MAS,QUI,RED,RUB,SAH,SPO,TIT",25,2352758,9052689693.21,7489945066.186,RRI_other,0,1562698291.0239997,0,1200036213.766618
2025-05-18,1808287983.2679996,20,"ABA,ABE,ADV,BET,BLU,DAY,EDG,ELD,ENT,GAR,HOM,INT,KEF,MAS,QUI,RED,RUB,SAH,SPO,TIT",25,2422802,8775693948.99,6967393965.722,RRI_other,0,1808287983.2679996,0,1042974580.2930094
2025-05-19,367311166.1000001,19,"ABA,ABE,ADV,BET,BLU,DAY,EDG,ELD,ENT,GAR,HOM,INT,KEF,MAS,QUI,RUB,SAH,SPO,TIT",24,1071084,3542893337.25,3175539671.15,RRI_other,0,367311166.1000001,0,460176507.88496524
2025-05-20,-685432928.4609996,20,"ABA,ABE,ADV,BET,BLU,DAY,EDG,ELD,ENT,GAR,HOM,INT,KEF,MAS,QUI,RED,RUB,SAH,SPO,TIT",26,1215724,4301153291.52,4986568439.981,RRI_other,0,-685432928.4609996,0,492150204.9131109
2025-05-21,1226934356.338,19,"ABA,ABE,ADV,BET,BLU,DAY,EDG,ELD,ENT,GAR,HOM,INT,KEF,QUI,RED,RUB,SAH,SPO,TIT",23,1310903,4452290465.83,3225178120.4919996,RRI_sports,0,1226934356.338,0,813549195.1666949
2025-05-22,1063057281.034,20,"ABA,ABE,ADV,BET,BLU,DAY,EDG,ELD,ENT,GAR,HOM,INT,KEF,MAS,QUI,RED,RUB,SAH,SPO,TIT",26,1158627,4311752706.83,3248668365.796,RRI_other,0,1063057281.034,0,820986711.0149121
2025-05-23,563601233.3129997,15,"ABA,ADV,BLU,DAY,ELD,ENT,GAR,HOM,INT,MAS,QUI,RUB,SAH,SPO,TIT",19,1324848,5275421562.24,4711772328.127,RRI_other,0,563601233.3129997,0,776962409.5372803
2025-05-24,1543072715.791999,16,"ABA,ADV,BLU,DAY,ELD,ENT,GAR,HOM,INT,MAS,QUI,RED,RUB,SAH,SPO,TIT",21,2165154,7987516391.65,6444439208.858,RRI_sports,0,1543072715.791999,0,1021125837.1359499
2025-05-25,379458438.0630001,16,"ABA,ADV,BLU,DAY,ELD,ENT,GAR,HOM,INT,MAS,QUI,RED,RUB,SAH,SPO,TIT",21,2833770,10337281600.77,9957775611.227,RRI_other,0,379458438.0630001,0,1153718347.2781205
2025-05-26,917007195.7209998,16,"ABA,ADV,BLU,DAY,ELD,ENT,GAR,HOM,INT,MAS,QUI,RED,RUB,SAH,SPO,TIT",20,1083759,3961819666.41,3044781770.689,RRI_other,0,917007195.7209998,0,426431917.64635646
2025-05-27,727946605.9539999,17,"ABA,ADV,BET,BLU,DAY,ELD,ENT,GAR,HOM,INT,KEF,MAS,QUI,RUB,SAH,SPO,TIT",21,953170,3216934137.16,2488979671.666,RRI_sports,0,727946605.9539999,0,643935068.5862343
2025-05-28,401751044.553,19,"ABA,ABE,ADV,BET,BLU,DAY,EDG,ELD,ENT,GAR,HOM,INT,KEF,MAS,QUI,RUB,SAH,SPO,TIT",24,1160314,3994419127.24,3592647201.687,RRI_other,0,401751044.553,0,715164012.0651361
2025-05-29,691068084.7170002,19,"ABA,ABE,ADV,BET,BLU,DAY,EDG,ELD,ENT,GAR,HOM,INT,KEF,MAS,QUI,RUB,SAH,SPO,TIT",24,1300034,4697818545.89,4006711496.1729994,RRI_other,0,691068084.7170002,0,751408268.0557028
2025-05-30,748446514.2870003,19,"ABA,ABE,ADV,BET,BLU,DAY,EDG,ELD,ENT,GAR,HOM,INT,KEF,MAS,QUI,RUB,SAH,SPO,TIT",24,1289654,4905844650.04,4157387551.753,RRI_other,0,748446514.2870003,0,734660302.1389519
2025-05-31,883507807.2479998,20,"ABA,ABE,ADV,BET,BLU,DAY,EDG,ELD,ENT,GAR,HOM,INT,KEF,MAS,QUI,RED,RUB,SAH,SPO,TIT",24,1725268,6615768027.009999,5731879279.302,RRI_other,0,883507807.2479998,0,860085124.1666586
2025-06-01,215380766.7010001,17,"ABA,ADV,BET,BLU,DAY,EDG,ELD,ENT,GAR,HOM,INT,MAS,QUI,RUB,SAH,SPO,TIT",21,1507364,5445492433.7,5230034349.799,RRI_other,0,215380766.7010001,0,797713107.4676796
2025-06-02,656852184.1840001,20,"ABA,ABE,ADV,BET,BLU,DAY,EDG,ELD,ENT,GAR,HOM,INT,KEF,MAS,QUI,RUB,SAH,SPO,SYN,TIT",27,1043135,3878431855.14,3201473470.956,RRI_other,0,656852184.1840001,0,634684701.6282687
2025-06-03,649138909.4760001,21,"ABA,ABE,ADV,BET,BLU,DAY,EDG,ELD,ENT,GAR,HOM,INT,KEF,MAS,QUI,RED,RUB,SAH,SPO,SYN,TIT",34,1118303,4001423323.750001,3352160136.8440003,RRI_other,0,649138909.4760001,0,771004293.7872714
2025-06-04,721848554.8199999,20,"ABA,ABE,ADV,BET,BLU,DAY,EDG,ELD,ENT,GAR,HOM,INT,KEF,MAS,QUI,RUB,SAH,SPO,SYN,TIT",26,944524,3397756834.67,2675847930.9500003,RRI_other,0,721848554.8199999,0,721172280.0873368
2025-06-05,829386781.3200002,20,"ABA,ABE,ADV,BET,BLU,DAY,EDG,ELD,ENT,GAR,HOM,INT,KEF,MAS,QUI,RUB,SAH,SPO,SYN,TIT",25,1225058,4389461448.59,3560038766.27,RRI_other,0,829386781.3200002,0,755954496.1843959
2025-06-06,1478315852.62,20,"ABA,ABE,ADV,BET,BLU,DAY,EDG,ELD,ENT,GAR,HOM,INT,KEF,MAS,QUI,RUB,SAH,SPO,SYN,TIT",26,1431217,5227651298.700001,3749285993.08,RRI_other,0,1478315852.62,0,766073705.1366086
2025-06-07,1056545301.37,21,"ABA,ABE,ADV,BET,BLU,DAY,EDG,ELD,ENT,GAR,HOM,INT,KEF,MAS,QUI,RED,RUB,SAH,SPO,SYN,TIT",27,1464930,5281990370.24,4225382668.87,RRI_other,0,1056545301.37,0,837447186.93935
2025-06-08,793796227.0899998,19,"ABA,ABE,ADV,BLU,DAY,EDG,ELD,ENT,GAR,HOM,INT,KEF,MAS,QUI,RUB,SAH,SPO,SYN,TIT",25,1328719,4899815354.679999,4105967677.59,RRI_other,0,793796227.0899998,0,759955874.26177
2025-06-09,176744386.90000007,21,"ABA,ABE,ADV,BET,BLU,DAY,EDG,ELD,ENT,GAR,HOM,INT,KEF,MAS,QUI,RED,RUB,SAH,SPO,SYN,TIT",28,1063276,3613968936.35,3437065910.15,RRI_other,0,176744386.90000007,0,522919040.10858613
2025-06-10,34427132.93000004,20,"ABA,ABE,ADV,BET,BLU,DAY,EDG,ELD,ENT,GAR,HOM,INT,KEF,MAS,QUI,RUB,SAH,SPO,SYN,TIT",26,1094188,3770150744.26,3735665061.32,RRI_other,0,34427132.93000004,0,653532517.4948356
2025-06-11,677417323.7800001,20,"ABA,ABE,ADV,BET,BLU,DAY,EDG,ELD,ENT,GAR,HOM,INT,KEF,MAS,QUI,RUB,SAH,SPO,SYN,TIT",26,1031268,3719297820.61,3041848922.83,RRI_other,0,677417323.7800001,0,680147767.8101565
2025-06-12,-190993294.88,19,"ABA,ABE,ADV,BET,BLU,DAY,EDG,ELD,ENT,GAR,HOM,INT,MAS,QUI,RUB,SAH,SPO,SYN,TIT",24,908739,3121713668.27,3312697163.1499996,RRI_other,0,-190993294.88,0,705649389.5209233
2025-06-13,-187723486.78999972,20,"ABA,ABE,ADV,BET,BLU,DAY,EDG,ELD,ENT,GAR,HOM,INT,KEF,MAS,QUI,RUB,SAH,SPO,SYN,TIT",26,1274326,4605553999.9,4793213756.69,RRI_sports,0,-187723486.78999972,0,682229772.3451773
2025-06-14,986029901.54,20,"ABA,ABE,ADV,BET,BLU,DAY,EDG,ELD,ENT,GAR,HOM,INT,KEF,MAS,QUI,RUB,SAH,SPO,SYN,TIT",26,1416891,5139668102.889999,4153616751.3499994,RRI_other,0,986029901.54,0,745125727.828706
2025-06-15,1148818000.9100003,20,"ABA,ABE,ADV,BET,BLU,DAY,EDG,ELD,ENT,GAR,HOM,INT,KEF,MAS,QUI,RUB,SAH,SPO,SYN,TIT",26,1347118,5034767596.47,3885750016.56,RRI_other,0,1148818000.9100003,0,815417608.6474065
2025-06-16,-98546310.79999974,20,"ABA,ABE,ADV,BET,BLU,DAY,EDG,ELD,ENT,GAR,HOM,INT,KEF,MAS,QUI,RUB,SAH,SPO,SYN,TIT",26,948665,3126791273.72,3225050662.69,RRI_other,0,-98546310.79999974,0,591688674.3299588
2025-06-17,984287341.3400002,20,"ABA,ABE,ADV,BET,BLU,DAY,EDG,ELD,ENT,GAR,HOM,INT,KEF,MAS,QUI,RUB,SAH,SPO,SYN,TIT",26,1184377,4619502166.0,3635152898.12,RRI_other,0,984287341.3400002,0,659950478.6773658
2025-06-18,880832737.8399999,20,"ABA,ABE,ADV,BET,BLU,DAY,EDG,ELD,ENT,GAR,HOM,INT,MAS,QUI,RED,RUB,SAH,SPO,SYN,TIT",27,1125768,4352943546.02,3472034608.18,RRI_other,0,880832737.8399999,0,790677432.6647142
2025-06-19,825929113.4899999,18,"ABA,ADV,BET,BLU,DAY,EDG,ELD,ENT,GAR,HOM,INT,MAS,QUI,RUB,SAH,SPO,SYN,TIT",24,1017427,3837718895.479999,3011771181.99,RRI_sports,0,825929113.4899999,0,713396327.8203617
2025-06-20,1314811684.6599998,20,"ABA,ABE,ADV,BET,BLU,DAY,EDG,ELD,ENT,GAR,HOM,INT,KEF,MAS,QUI,RUB,SAH,SPO,SYN,TIT",26,1262723,4450702982.08,3135856697.42,RRI_other,0,1314811684.6599998,0,790899339.1641138
2025-06-21,905702784.43,19,"ABA,ABE,ADV,BET,BLU,DAY,ELD,ENT,GAR,HOM,INT,MAS,QUI,RED,RUB,SAH,SPO,SYN,TIT",25,1496147,5713480771.2699995,4807713677.0,RRI_sports,0,905702784.43,0,755463545.0402337
2025-06-22,277337752.5400001,19,"ABA,ABE,ADV,BET,BLU,DAY,EDG,ELD,ENT,GAR,HOM,INT,MAS,QUI,RUB,SAH,SPO,SYN,TIT",25,1260434,4706904217.25,4429486893.71,RRI_other,0,277337752.5400001,0,754160330.9068561
2025-06-23,692857005.6599997,20,"ABA,ABE,ADV,BET,BLU,DAY,EDG,ELD,ENT,GAR,HOM,INT,KEF,MAS,QUI,RUB,SAH,SPO,SYN,TIT",26,1053892,4376017309.65,3683034978.32,RRI_sports,0,692857005.6599997,0,595555266.4698583
2025-06-24,628678686.3199999,20,"ABA,ABE,ADV,BET,BLU,DAY,EDG,ELD,ENT,GAR,HOM,INT,KEF,MAS,QUI,RUB,SAH,SPO,SYN,TIT",27,936266,3329818328.05,2700989583.73,RRI_other,0,628678686.3199999,0,763190686.0903144
2025-06-25,1080327826.89,18,"ABA,ADV,BET,BLU,DAY,EDG,ELD,ENT,GAR,HOM,INT,MAS,QUI,RUB,SAH,SPO,SYN,TIT",23,1120837,4833727030.81,3753340549.92,RRI_sports,0,1080327826.89,0,710743616.5270804
2025-06-26,-71157756.18000016,21,"ABA,ABE,ADV,BET,BLU,DAY,EDG,ELD,ENT,GAM,GAR,HOM,INT,MAS,QUI,RED,RUB,SAH,SPO,SYN,TIT",27,1110782,4216593827.39,4287670735.57,RRI_sports,0,-71157756.18000016,0,635058768.2524045
2025-06-27,-59166622.319999784,21,"ABA,ABE,ADV,BET,BLU,DAY,EDG,ELD,ENT,GAM,GAR,HOM,INT,MAS,QUI,RED,RUB,SAH,SPO,SYN,TIT",28,1261843,5240354617.71,5299421299.12,RRI_sports,0,-59166622.319999784,0,693303787.4455667
2025-06-28,1277580900.9099998,20,"ABA,ABE,ADV,BET,BLU,DAY,EDG,ELD,ENT,GAM,GAR,HOM,INT,MAS,QUI,RUB,SAH,SPO,SYN,TIT",27,1541848,5697840898.41,4420168854.7,RRI_other,0,1277580900.9099998,0,899828081.67255
2025-06-29,1331933828.36,20,"ABA,ABE,ADV,BET,BLU,DAY,EDG,ELD,ENT,GAM,GAR,HOM,INT,MAS,QUI,RUB,SAH,SPO,SYN,TIT",27,1242047,4928747029.36,3596720802.0,RRI_other,0,1331933828.36,0,830377557.6838225
2025-06-30,612240796.7,20,"ABA,ABE,ADV,BET,BLU,DAY,EDG,ELD,ENT,GAM,GAR,HOM,INT,MAS,QUI,RUB,SAH,SPO,SYN,TIT",27,868929,3604413815.63,2992143590.9300003,RRI_other,0,612240796.7,0,565997492.3158402
2025-07-01,1421206412.9099998,21,"ABA,ABE,ADV,BET,BLU,DAY,EDG,ELD,ENT,GAM,GAR,HOM,INT,MAS,PAR,QUI,RUB,SAH,SPO,SYN,TIT",28,997137,4218600725.79,2797320527.68,RRI_other,0,1421206412.9099998,0,615899073.0999501
2025-07-02,311029479.55999994,22,"ABA,ABE,ADV,BET,BLU,DAY,EDG,ELD,ENT,GAM,GAR,HOM,INT,KEF,MAS,PAR,QUI,RUB,SAH,SPO,SYN,TIT",29,1094517,4329110567.41,4016644575.85,RRI_sports,0,311029479.55999994,0,707817511.7633456
2025-07-03,656753595.9699999,22,"ABA,ABE,ADV,BET,BLU,DAY,EDG,ELD,ENT,GAM,GAR,HOM,INT,MAS,PAR,QUI,RED,RUB,SAH,SPO,SYN,TIT",29,914686,3059352402.74,2402349881.75,RRI_other,0,656753595.9699999,0,595201332.1903416
2025-07-04,225136721.80000037,20,"ABA,ABE,ADV,BET,DAY,EDG,ELD,ENT,GAM,GAR,HOM,INT,MAS,PAR,QUI,RUB,SAH,SPO,SYN,TIT",26,1195111,4411720214.330001,4186433481.53,RRI_other,0,225136721.80000037,0,674542288.7143128
2025-07-05,-668582696.4200003,22,"ABA,ABE,ADV,BET,BLU,DAY,EDG,ELD,ENT,GAM,GAR,HOM,INT,MAS,PAR,QUI,RED,RUB,SAH,SPO,SYN,TIT",28,1693191,6986280023.95,7654652840.370001,RRI_sports,0,-668582696.4200003,0,623594195.1524482
2025-07-06,851447647.0400001,21,"ABA,ABE,ADV,BET,BLU,DAY,EDG,ELD,ENT,GAM,GAR,HOM,INT,MAS,PAR,QUI,RUB,SAH,SPO,SYN,TIT",28,1328647,5203885481.88,4352338986.84,RRI_other,0,851447647.0400001,0,739521031.7067075
2025-07-07,529219432.1400001,21,"ABA,ABE,ADV,BET,BLU,DAY,EDG,ELD,ENT,GAM,GAR,HOM,INT,MAS,PAR,QUI,RUB,SAH,SPO,SYN,TIT",52,894715,3150136936.73,2620443124.3399997,RRI_other,0,529219432.1400001,0,569318433.4927199
2025-07-08,483217206.7100001,22,"ABA,ABE,ADV,BET,BLU,DAY,EDG,ELD,ENT,GAM,GAR,HOM,INT,MAS,PAR,QUI,RED,RUB,SAH,SPO,SYN,TIT",29,1135556,4019086353.72,3535540861.01,RRI_other,0,483217206.7100001,0,732878919.7005253
2025-07-09,179080362.37,24,"ABA,ABE,ADV,BET,BLU,DAY,EDG,ELD,ENT,GAM,GAR,HOM,INT,KEF,MAS,PAR,QUI,RED,RUB,SAH,SPO,SYN,TIT,WOR",31,1110885,4272818327.12,4093694972.25,RRI_sports,0,179080362.37,0,643009229.4350201
2025-07-10,154042453.78000003,23,"ABA,ABE,ADV,BET,BLU,DAY,EDG,ELD,ENT,GAM,GAR,HOM,INT,KEF,MAS,PAR,QUI,RUB,SAH,SPO,SYN,TIT,WOR",30,1120032,5007773792.900001,4853265083.070001,RRI_sports,0,154042453.78000003,0,652383948.470834
2025-07-11,600911798.2299998,23,"ABA,ABE,ADV,BET,BLU,DAY,EDG,ELD,ENT,GAM,GAR,HOM,INT,KEF,MAS,PAR,QUI,RUB,SAH,SPO,SYN,TIT,WOR",29,1207057,4650147565.24,4049171217.01,RRI_sports,0,600911798.2299998,0,736899634.6072762
2025-07-12,1457379558.6999998,22,"ABA,ABE,ADV,BET,BLU,DAY,EDG,ELD,ENT,GAM,GAR,HOM,INT,MAS,PAR,QUI,RUB,SAH,SPO,SYN,TIT,WOR",29,1596050,5958369761.389999,4500854421.69,RRI_sports,0,1457379558.6999998,0,1083289919.7968054
2025-07-13,652815461.3999997,23,"ABA,ABE,ADV,BET,BLU,DAY,EDG,ELD,ENT,GAM,GAR,HOM,INT,KEF,MAS,PAR,QUI,RUB,SAH,SPO,SYN,TIT,WOR",30,1376562,5231033726.5,4578144260.09,RRI_sports,0,652815461.3999997,0,763470127.0971663
2025-07-14,661967105.79,23,"ABA,ABE,ADV,BET,BLU,BWI,DAY,EDG,ELD,ENT,GAM,GAR,HOM,INT,KEF,MAS,PAR,QUI,RUB,SAH,SPO,SYN,TIT",29,901855,3671477109.76,3009406972.05,RRI_other,0,661967105.79,0,555781844.5156577
2025-07-15,753774819.6899999,24,"ABA,ABE,ADV,BET,BLU,BWI,DAY,EDG,ELD,ENT,GAM,GAR,HOM,INT,KEF,MAS,PAR,QUI,RUB,SAH,SPO,SYN,TIT,WOR",31,1083046,3796900873.15,3043030217.39,RRI_sports,0,753774819.6899999,0,707817511.7633456
2025-07-16,989852438.75,24,"ABA,ABE,ADV,BET,BLU,BWI,DAY,EDG,ELD,ENT,GAM,GAR,HOM,INT,KEF,MAS,PAR,QUI,RUB,SAH,SPO,SYN,TIT,WOR",31,1025057,3867695000.22,2877612281.4700003,RRI_sports,0,989852438.75,0,722808190.6739103
2025-07-17,1212797456.18,23,"ABA,ADV,BET,BLU,BWI,DAY,EDG,ELD,ENT,GAM,GAR,HOM,INT,KEF,MAS,PAR,QUI,RUB,SAH,SPO,SYN,TIT,WOR",29,1101039,3911823233.03,2698822900.01,RRI_sports,0,1212797456.18,0,710743616.5270804
2025-07-18,574264378.8699998,22,"ABA,ABE,ADV,BET,BLU,BWI,DAY,EDG,ELD,ENT,GAM,GAR,HOM,INT,KEF,MAS,PAR,QUI,RUB,SAH,SPO,TIT",28,1212825,4329330862.17,3755012083.3,RRI_sports,0,574264378.8699998,0,671363035.1646127
2025-07-19,1275009827.7700002,23,"ABA,ADV,BET,BLU,BWI,DAY,EDG,ELD,ENT,GAM,GAR,HOM,INT,KEF,MAS,PAR,QUI,RUB,SAH,SPO,SYN,TIT,WOR",29,1747296,6026623726.17,4751478947.74,RRI_sports,0,1275009827.7700002,0,754298111.4033486
2025-07-20,73817016.04000008,24,"ABA,ABE,ADV,BET,BLU,BWI,DAY,EDG,ELD,ENT,GAM,GAR,HOM,INT,KEF,MAS,PAR,QUI,RUB,SAH,SPO,SYN,TIT,WOR",31,1259179,4415955847.06,4341758402.02,RRI_sports,0,73817016.04000008,0,762364217.5147051
2025-07-21,393839020.02,25,"ABA,ABE,ADV,BET,BLU,BWI,DAY,EDG,ELD,ENT,GAM,GAR,HOM,INT,KEF,MAS,PAR,QUI,REY,RUB,SAH,SPO,SYN,TIT,WOR",32,910637,3370266755.79,2976293896.77,RRI_other,0,393839020.02,0,566023288.4981185
2025-07-22,323978499.40999985,24,"ABA,ABE,ADV,ARC,BET,BLU,BWI,DAY,EDG,ELD,ENT,GAM,GAR,HOM,INT,MAS,PAR,QUI,REY,RUB,SAH,SPO,SYN,TIT",32,1116511,4074446501.749999,3750288743.51,RRI_other,0,323978499.40999985,0,631044439.6199758
2025-07-23,742230037.29,24,"ABA,ABE,ADV,ARC,BET,BLU,BWI,DAY,EDG,ELD,ENT,GAM,GAR,HOM,INT,MAS,PAR,QUI,REY,RUB,SAH,SPO,SYN,TIT",56,1094005,4073626158.71,3331252513.39,RRI_other,0,742230037.29,0,679826320.6501964
2025-07-24,1062402701.02,25,"ABA,ABE,ADV,ARC,BET,BLU,BWI,DAY,EDG,ELD,ENT,GAM,GAR,HOM,INT,MAS,PAR,QUI,REY,RUB,SAH,SPO,SYN,TIT,WOR",36,1163070,3959551234.67,2897006510.65,RRI_sports,0,1062402701.02,0,777020466.1158578
2025-07-25,580440645.2399998,25,"ABA,ABE,ADV,ARC,BET,BLU,BWI,DAY,EDG,ELD,ENT,GAM,GAR,HOM,INT,MAS,PAR,QUI,REY,RUB,SAH,SPO,SYN,TIT,WOR",33,1148803,4413602548.63,3833045599.39,RRI_other,0,580440645.2399998,0,632348970.9905839
2025-07-26,1055644328.2300004,25,"ABA,ABE,ADV,ARC,BET,BLU,BWI,DAY,EDG,ELD,ENT,GAM,GAR,HOM,INT,MAS,PAR,QUI,REY,RUB,SAH,SPO,SYN,TIT,WOR",33,1472041,5592767357.72,4536641490.429999,RRI_other,0,1055644328.2300004,0,822669894.9666017
2025-07-27,-4866903.730000193,25,"ABA,ABE,ADV,ARC,BET,BLU,BWI,DAY,EDG,ELD,ENT,GAM,GAR,HOM,INT,MAS,PAR,QUI,REY,RUB,SAH,SPO,SYN,TIT,WOR",33,1310434,5033621475.95,5038276436.86,RRI_sports,0,-4866903.730000193,0,768832003.1722137
2025-07-28,-102805711.99000008,25,"ABA,ABE,ADV,ARC,BET,BLU,BWI,DAY,EDG,ELD,ENT,GAM,GAR,HOM,INT,MAS,PAR,QUI,REY,RUB,SAH,SPO,SYN,TIT,WOR",33,900209,3458327922.33,3561067534.32,RRI_other,0,-102805711.99000008,0,547911113.3666629
2025-07-29,641689095.3600001,24,"ABA,ABE,ADV,ARC,BET,BLU,BWI,DAY,EDG,ELD,ENT,GAM,GAR,HOM,INT,MAS,PAR,QUI,REY,RUB,SAH,SPO,SYN,TIT",32,1094766,3659120499.54,3017346564.18,RRI_other,0,641689095.3600001,0,703639703.1859165
2025-07-30,1250252234.4399996,25,"ABA,ABE,ADV,BET,BLU,BWI,DAY,EDG,ELD,ENT,GAM,GAR,GEE,HOM,INT,MAS,PAR,QUI,REY,RUB,SAH,SPO,SYN,TIT,WOR",31,1173490,4414212786.78,3163916445.34,RRI_sports,0,1250252234.4399996,0,724274382.4257134
2025-07-31,1041126620.0799996,26,"ABA,ABE,ADV,BET,BLU,BWI,DAY,EDG,ELD,ENT,FOX,GAM,GAR,GEE,HOM,INT,MAS,PAR,QUI,REY,RUB,SAH,SPO,SYN,TIT,WOR",32,1180013,4311680655.549999,3270416786.69,RRI_sports,0,1041126620.0799996,0,724573396.5526239
2025-08-01,427636632.3900004,25,"ABA,ABE,ADV,BET,BWI,DAY,EDG,ELD,ENT,FOX,GAM,GAR,GEE,HOM,INT,MAS,PAR,QUI,REY,RUB,SAH,SPO,SYN,TIT,WOR",32,1196546,4360719202.820001,3932965233.73,RRI_sports,0,427636632.3900004,0,682084916.2276865
2025-08-02,1052946659.7500004,26,"ABA,ABE,ADV,BET,BLU,BWI,DAY,EDG,ELD,ENT,FOX,GAM,GAR,GEE,HOM,INT,MAS,PAR,QUI,REY,RUB,SAH,SPO,SYN,TIT,WOR",33,1644960,6116238208.08,5063154477.33,RRI_other,0,1052946659.7500004,0,682496850.1246173
2025-08-03,1379565058.5000002,26,"ABA,ABE,ADV,BET,BLU,BWI,DAY,EDG,ELD,ENT,FOX,GAM,GAR,GEE,HOM,INT,MAS,PAR,QUI,REY,RUB,SAH,SPO,SYN,TIT,WOR",35,1531139,5862246985.58,4482618032.08,RRI_other,0,1379565058.5000002,0,946527626.6931814
2025-08-04,123165670.04999992,25,"ABA,ABE,ADV,BET,BLU,BWI,DAY,EDG,ELD,ENT,FOX,GAM,GAR,GEE,HOM,INT,MAS,PAR,QUI,REY,RUB,SAH,SPO,TIT,WOR",31,1019750,3900427937.49,3777004452.440001,RRI_other,0,123165670.04999992,0,554000441.5390459
2025-08-05,2280950950.89,25,"ABA,ABE,ADV,BET,BLU,BWI,DAY,EDG,ELD,ENT,FOX,GAM,GAR,GEE,HOM,INT,MAS,PAR,QUI,REY,RUB,SAH,SPO,TIT,WOR",30,1214539,4266003315.3,1984937980.2,RRI_sports,0,2280950950.89,0,673698294.712071
2025-08-06,800259519.0800003,21,"ABA,ABE,ADV,BET,BWI,DAY,EDG,ELD,ENT,FOX,GAM,GAR,GEE,HOM,INT,PAR,QUI,REY,SAH,SPO,WOR",27,1226965,4620311964.86,3819715789.16,RRI_other,0,800259519.0800003,0,702816514.3775169
2025-08-07,484002479.9699999,24,"ABA,ABE,ADV,BET,BLU,BWI,DAY,EDG,ELD,ENT,FOX,GAM,GAR,GEE,HOM,INT,MAS,PAR,QUI,REY,RUB,SAH,SPO,TIT",30,1267929,4638311140.42,4154048487.89,RRI_other,0,484002479.9699999,0,664625028.6333907
2025-08-08,1152250458.2799995,25,"ABA,ABE,ADV,BET,BLU,BWI,DAY,EDG,ELD,ENT,FOX,GAM,GAR,GEE,HOM,INT,MAS,PAR,QUI,REY,RUB,SAH,SPO,TIT,WOR",31,1373050,5247478254.889999,4095043128.6100006,RRI_other,0,1152250458.2799995,0,640524269.8239759
2025-08-09,1947011015.7600005,24,"ABA,ABE,ADV,BET,BLU,BWI,DAY,EDG,ELD,ENT,FOX,GAM,GAR,HOM,INT,MAS,PAR,QUI,REY,RUB,SAH,SPO,TIT,WOR",30,1886485,7381414719.88,5433757645.94,RRI_other,0,1947011015.7600005,0,1284151080.727727
2025-08-10,1795297913.6800003,26,"ABA,ABE,ADV,BET,BLU,BWI,DAY,EDG,ELD,ENT,FOX,GAM,GAR,GEE,HOM,INT,KIN,MAS,PAR,QUI,REY,RUB,SAH,SPO,TIT,WOR",34,1652562,6605839065.700001,4810479535.37,RRI_sports,0,1795297913.6800003,0,605377307.2562119
2025-08-11,80937418.18000023,26,"ABA,ABE,ADV,BET,BLU,BWI,DAY,EDG,ELD,ENT,FOX,GAM,GAR,GEE,HOM,INT,KIN,MAS,PAR,QUI,REY,RUB,SAH,SPO,TIT,WOR",33,987087,3990340411.64,3909098287.46,RRI_sports,0,80937418.18000023,0,444290357.0831909
2025-08-12,109839593.7100001,25,"ABA,ABE,ADV,BET,BLU,BWI,DAY,EDG,ELD,ENT,FOX,GAM,GAR,GEE,HOM,INT,MAS,PAR,QUI,REY,RUB,SAH,SPO,TIT,WOR",31,1363900,5376884047.39,5266153380.68,RRI_sports,0,109839593.7100001,0,643594458.54289
2025-08-13,1124308453.8099997,25,"ABA,ABE,ADV,BET,BLU,BWI,DAY,EDG,ELD,ENT,FOX,GAM,GAR,GEE,HOM,INT,MAS,PAR,QUI,REY,RUB,SAH,SPO,TIT,WOR",31,1206932,4534109059.679999,3409566966.2200003,RRI_sports,0,1124308453.8099997,0,830714841.5928372
2025-08-14,1111737393.23,25,"ABA,ABE,ADV,BET,BLU,BWI,DAY,EDG,ELD,ENT,FOX,GAM,GAR,GEE,HOM,INT,MAS,PAR,QUI,REY,RUB,SAH,SPO,TIT,WOR",31,1293075,4682975762.7699995,3570996043.54,RRI_sports,0,1111737393.23,0,804867858.3213123
2025-08-15,1248606213.57,23,"ABA,ABE,ADV,BET,BLU,BWI,DAY,EDG,ELD,ENT,FOX,GAM,GAR,HOM,INT,MAS,PAR,QUI,REY,RUB,SAH,SPO,TIT",29,1632217,6674137022.499999,5424596669.93,RRI_other,0,1248606213.57,0,755325641.9351757
2025-08-16,-746448526.4299995,25,"ABA,ABE,ADV,BET,BLU,BWI,DAY,EDG,ELD,ENT,FOX,GAM,GAR,GEE,HOM,INT,MAS,PAR,QUI,REY,RUB,SAH,SPO,TIT,WOR",31,2677980,10186004155.42,10932015567.85,RRI_other,0,-746448526.4299995,0,841320428.7729021
2025-08-17,510385059.9299997,25,"ABA,ABE,ADV,BET,BLU,BWI,DAY,EDG,ELD,ENT,FOX,GAM,GAR,GEE,HOM,INT,MAS,PAR,QUI,REY,RUB,SAH,SPO,TIT,WOR",31,2440128,10778926010.599998,10267449125.67,RRI_sports,0,510385059.9299997,0,835802984.9212705
2025-08-18,951289690.33,25,"ABA,ABE,ADV,BET,BLU,BWI,DAY,EDG,ELD,ENT,FOX,GAM,GAR,GEE,HOM,INT,MAS,PAR,QUI,REY,RUB,SAH,SPO,TIT,WOR",33,1311180,5542510697.2,4590963852.87,RRI_sports,0,951289690.33,0,743040043.820568
2025-08-19,1161488232.5,25,"ABA,ABE,ADV,BET,BLU,BWI,DAY,EDG,ELD,ENT,FOX,GAM,GAR,GEE,HOM,INT,MAS,PAR,QUI,REY,RUB,SAH,SPO,TIT,WOR",31,1280942,5176399239.15,4014677980.65,RRI_sports,0,1161488232.5,0,800344183.6971613
2025-08-20,428218863.3499999,24,"ABA,ABE,ADV,BET,BLU,BWI,DAY,EDG,ELD,ENT,FOX,GAM,GAR,GEE,HOM,INT,MAS,PAR,QUI,RUB,SAH,SPO,TIT,WOR",30,1233146,5104674427.67,4676294727.309999,RRI_sports,0,428218863.3499999,0,692150869.6407889
2025-08-21,500261161.36999995,25,"ABA,ABE,ADV,BET,BLU,BWI,DAY,EDG,ELD,ENT,FOX,GAM,GAR,GEE,HOM,INT,MAS,PAR,QUI,REY,RUB,SAH,SPO,TIT,WOR",31,1312609,5437725283.93,4937194123.56,RRI_sports,0,500261161.36999995,0,602815717.4924663
2025-08-22,800961301.1299998,25,"ABA,ABE,ADV,BET,BLU,BWI,DAY,EDG,ELD,ENT,FOX,GAM,GAR,GEE,HOM,INT,MAS,PAR,QUI,REY,RUB,SAH,SPO,TIT,WOR",30,1527448,6487471821.79,5684953823.650001,RRI_sports,0,800961301.1299998,0,946562693.1997918
2025-08-23,3395858724.3999996,24,"ABA,ABE,ADV,BET,BLU,DAY,EDG,ELD,ENT,FOX,GAM,GAR,GEE,HOM,INT,MAS,PAR,QUI,REY,RUB,SAH,SPO,TIT,WOR",30,3327326,13641412426.8,10244765178.22,RRI_sports,0,3395858724.3999996,0,1710966232.650872
2025-08-24,3016982568.4500003,25,"ABA,ABE,ADV,BET,BLU,BWI,DAY,EDG,ELD,ENT,FOX,GAM,GAR,GEE,HOM,INT,MAS,PAR,QUI,REY,RUB,SAH,SPO,TIT,WOR",31,2400437,10748810574.95,7731461711.5,RRI_sports,0,3016982568.4500003,0,1482788312.089733
2025-08-25,-454160385.85999954,25,"ABA,ABE,ADV,BET,BLU,BWI,DAY,EDG,ELD,ENT,FOX,GAM,GAR,GEE,HOM,INT,MAS,PAR,QUI,REY,RUB,SAH,SPO,TIT,WOR",32,1360130,5952089291.309999,6405983913.36,RRI_sports,0,-454160385.85999954,0,782615543.9406198
2025-08-26,1162030556.76,24,"ABA,ABE,ADV,BET,BLU,BWI,DAY,EDG,ELD,ENT,FOX,GAM,GAR,GEE,HOM,INT,MAS,PAR,QUI,REY,RUB,SAH,SPO,TIT",31,1434259,5566166708.09,4403922847.33,RRI_other,0,1162030556.76,0,743417854.5446217
2025-08-27,1635391079.7499998,25,"ABA,ABE,ADV,BET,BLU,BWI,DAY,EDG,ELD,ENT,FOX,GAM,GAR,GEE,HOM,INT,MAS,PAR,QUI,REY,RUB,SAH,SPO,TIT,WOR",31,1110337,5006762860.5199995,3370997625.25,RRI_sports,0,1635391079.7499998,0,1158777177.8203921
2025-08-28,1268729091.54,25,"ABA,ABE,ADV,BET,BLU,BWI,DAY,EDG,ELD,ENT,FOX,GAM,GAR,GEE,HOM,INT,MAS,PAR,QUI,REY,RUB,SAH,SPO,TIT,WOR",30,1078295,4555390417.86,3286557776.3199997,RRI_sports,0,1268729091.54,0,881804857.6032206
2025-08-29,771937722.0800002,25,"ABA,ABE,ADV,BET,BLU,BWI,DAY,EDG,ELD,ENT,FOX,GAM,GAR,GEE,HOM,INT,MAS,PAR,QUI,REY,RUB,SAH,SPO,TIT,WOR",30,1004080,4123201158.37,3351094987.29,RRI_sports,0,771937722.0800002,0,440353046.49423116
2025-08-30,4279499381.92,24,"ABA,ABE,ADV,BET,BLU,BWI,DAY,EDG,ELD,ENT,FOX,GAM,GAR,HOM,INT,MAS,PAR,QUI,REY,RUB,SAH,SPO,TIT,WOR",29,2753405,11514300817.54,7234589015.619999,RRI_sports,0,4279499381.92,0,1473281604.855042
2025-08-31,2897723132.9599996,18,"ABE,ADV,BET,BLU,BWI,DAY,ELD,ENT,FOX,GAM,GAR,INT,PAR,QUI,REY,RUB,SAH,SPO",23,2088903,9021653201.18,6123581702.219999,RRI_other,0,2897723132.9599996,0,1333813730.9280565
2025-09-01,200346291.7899999,24,"ABA,ABE,ADV,BET,BLU,BWI,DAY,EDG,ELD,ENT,FOX,GAM,GAR,HOM,INT,MAS,PAR,QUI,REY,RUB,SAH,SPO,TIT,WOR",31,655396,2472617397.84,2272059564.09,RRI_sports,0,200346291.7899999,0,665080931.3627437
2025-09-02,-121755418.69,25,"ABA,ABE,ADV,BET,BLU,BWI,DAY,EDG,ELD,ENT,FOX,GAM,GAR,GEE,HOM,INT,MAS,PAR,QUI,REY,RUB,SAH,SPO,TIT,WOR",33,878159,2967778499.74,3088020221.32,RRI_sports,0,-121755418.69,0,599852374.5400754
2025-09-03,819463285.56,24,"ABA,ABE,ADV,BET,BLU,BWI,DAY,ELD,ENT,FOX,GAM,GAR,GEE,HOM,INT,MAS,PAR,QUI,REY,RUB,SAH,SPO,TIT,WOR",30,765297,3069142087.77,2241231162.8199997,RRI_sports,0,819463285.56,0,1037473638.3743855
2025-09-04,1777907581.66,25,"ABA,ABE,ADV,BET,BLU,BWI,DAY,EDG,ELD,ENT,FOX,GAM,GAR,GEE,HOM,INT,MAS,PAR,QUI,REY,RUB,SAH,SPO,TIT,WOR",32,1079408,4406840808.74,2628902686.08,RRI_sports,0,1777907581.66,0,806199789.5375574
2025-09-05,-133797333.31000008,25,"ABA,ABE,ADV,BET,BLU,BWI,DAY,EDG,ELD,ENT,FOX,GAM,GAR,GEE,HOM,INT,MAS,PAR,QUI,REY,RUB,SAH,SPO,TIT,WOR",32,1126854,4807098903.809999,4940604840.12,RRI_sports,0,-133797333.31000008,0,556374959.5683998
2025-09-06,-1206827616.6399994,25,"ABA,ABE,ADV,BET,BLU,BWI,DAY,EDG,ELD,ENT,FOX,GAM,GAR,GEE,HOM,INT,MAS,PAR,QUI,REY,RUB,SAH,SPO,TIT,WOR",32,1324909,5842219824.51,7048984967.15,RRI_sports,0,-1206827616.6399994,0,660059532.6635802
2025-09-07,-2079634453.6399996,24,"ABA,ADV,BET,BLU,BWI,DAY,EDG,ELD,ENT,FOX,GAM,GAR,GEE,HOM,INT,MAS,PAR,QUI,REY,RUB,SAH,SPO,TIT,WOR",30,1127834,5082812823.990001,7162357315.13,RRI_sports,0,-2079634453.6399996,0,785533912.8750719
2025-09-08,-640218417.9600002,24,"ABA,ABE,ADV,BET,BLU,BWI,DAY,EDG,ELD,ENT,FOX,GAM,GAR,GEE,INT,MAS,PAR,QUI,REY,RUB,SAH,SPO,TIT,WOR",30,1251926,5591316516.599999,6231103389.56,RRI_sports,0,-640218417.9600002,0,711882915.2778109
2025-09-09,-112990786.2999996,25,"ABA,ABE,ADV,BET,BLU,BWI,DAY,EDG,ELD,ENT,FOX,GAM,GAR,GEE,HOM,INT,MAS,PAR,QUI,REY,RUB,SAH,SPO,TIT,WOR",32,1365621,6051641853.500001,6161708061.909999,RRI_sports,0,-112990786.2999996,0,1317583383.8092158
2025-09-10,688564742.3900001,25,"ABA,ABE,ADV,BET,BLU,BWI,DAY,EDG,ELD,ENT,FOX,GAM,GAR,GEE,HOM,INT,MAS,PAR,QUI,REY,RUB,SAH,SPO,TIT,WOR",31,901295,4258151813.9,3569482905.58,RRI_sports,0,688564742.3900001,0,1154826507.5307002
2025-09-11,556404795.9100002,24,"ABA,ABE,ADV,BET,BLU,BWI,DAY,EDG,ELD,ENT,FOX,GAM,GAR,HOM,INT,MAS,PAR,QUI,REY,RUB,SAH,SPO,TIT,WOR",30,725602,3018430675.38,2459383816.47,RRI_sports,0,556404795.9100002,0,600523431.153334
2025-09-12,1509919323.2000003,25,"ABA,ABE,ADV,BET,BLU,BWI,DAY,EDG,ELD,ENT,FOX,GAM,GAR,GEE,HOM,INT,MAS,PAR,QUI,REY,RUB,SAH,SPO,TIT,WOR",31,1228644,4949335943.53,3439196370.329999,RRI_sports,0,1509919323.2000003,0,622661427.9987636
2025-09-13,3763947790.96,25,"ABA,ABE,ADV,BET,BLU,BWI,DAY,EDG,ELD,ENT,FOX,GAM,GAR,GEE,HOM,INT,MAS,PAR,QUI,REY,RUB,SAH,SPO,TIT,WOR",31,3333231,12896686139.000002,9130296284.07,RRI_sports,0,3763947790.96,0,1488003688.6911006
2025-09-14,-341822904.39999795,25,"ABA,ABE,ADV,BET,BLU,BWI,DAY,EDG,ELD,ENT,FOX,GAM,GAR,GEE,HOM,INT,MAS,PAR,QUI,REY,RUB,SAH,SPO,TIT,WOR",31,2292952,11058179414.430002,11399215432.429998,RRI_sports,0,-341822904.39999795,0,1440818257.5111008
2025-09-15,804573225.5599996,24,"ABA,ABE,ADV,BET,BLU,BWI,DAY,EDG,ELD,ENT,FOX,GAM,GAR,HOM,INT,MAS,PAR,QUI,REY,RUB,SAH,SPO,TIT,WOR",30,969313,3868236169.87,3063424861.31,RRI_sports,0,804573225.5599996,0,743591605.351629
2025-09-16,2416422864.61,25,"ABA,ABE,ADV,BET,BLU,BWI,DAY,EDG,ELD,ENT,FOX,GAM,GAR,GEE,HOM,INT,MAS,PAR,QUI,REY,RUB,SAH,SPO,TIT,WOR",31,1758774,7767793102.059999,5351352737.450001,RRI_sports,0,2416422864.61,0,1458284958.5661128
2025-09-17,-1632960808.1400006,24,"ABA,ABE,ADV,BET,BLU,DAY,EDG,ELD,ENT,FOX,GAM,GAR,GEE,HOM,INT,MAS,PAR,QUI,REY,RUB,SAH,SPO,TIT,WOR",34,1812553,8992266321.78,10625190139.48,RRI_sports,0,-1632960808.1400006,0,939348993.6320193
2025-09-18,-5947343412.510001,24,"ABA,ADV,BET,BLU,BWI,DAY,EDG,ELD,ENT,FOX,GAM,GAR,GEE,HOM,INT,MAS,PAR,QUI,REY,RUB,SAH,SPO,TIT,WOR",29,1669218,7914014838.47,13861272821.98,RRI_sports,0,-5947343412.510001,0,424366069.89578074
2025-09-19,-1308735051.3799996,25,"ABA,ABE,ADV,BET,BLU,BWI,DAY,EDG,ELD,ENT,FOX,GAM,GAR,GEE,HOM,INT,MAS,PAR,QUI,REY,RUB,SAH,SPO,TIT,WOR",31,1415682,6258384080.09,7567054333.47,RRI_sports,0,-1308735051.3799996,0,544630998.5164835
2025-09-20,-2109392377.880001,25,"ABA,ABE,ADV,BET,BLU,BWI,DAY,EDG,ELD,ENT,FOX,GAM,GAR,GEE,HOM,INT,MAS,PAR,QUI,REY,RUB,SAH,SPO,TIT,WOR",31,3150311,13605972732.79,15715347586.15,RRI_sports,0,-2109392377.880001,0,2345588341.830374
2025-09-21,3085040829.83,25,"ABA,ADV,BET,BLU,BWI,DAY,EDG,ELD,ENT,FOX,GAM,GAR,GEE,HOM,INT,KIN,MAS,PAR,QUI,REY,RUB,SAH,SPO,TIT,WOR",31,2600168,12158074190.44,9072932102.42,RRI_sports,0,3085040829.83,0,2348996207.420035
2025-09-22,1333740862.07,25,"ABA,ABE,ADV,BET,BLU,BWI,DAY,EDG,ELD,ENT,FOX,GAM,GAR,GEE,HOM,INT,KIN,MAS,PAR,QUI,REY,RUB,SPO,TIT,WOR",32,1230790,6505331258.42,5171543734.349999,RRI_sports,0,1333740862.07,0,1079617153.2207544
2025-09-23,793365073.1599996,24,"ABA,ABE,ADV,BET,BLU,BWI,DAY,EDG,ELD,ENT,FOX,GAM,GAR,HOM,INT,KIN,MAS,PAR,QUI,REY,RUB,SPO,TIT,WOR",31,1514552,7265237869.78,6467774379.62,RRI_sports,0,793365073.1599996,0,1447976806.949368
2025-09-24,2551624254.07,24,"ABA,ADV,BET,BLU,BWI,DAY,EDG,ELD,ENT,FOX,GAM,GAR,GEE,HOM,INT,KIN,MAS,PAR,QUI,REY,RUB,SPO,TIT,WOR",29,1757990,8015317350.700001,5462772472.63,RRI_sports,0,2551624254.07,0,778519114.3139896
2025-09-25,1147241265.7200005,24,"ABA,ABE,ADV,BET,BLU,BWI,DAY,EDG,ELD,ENT,GAM,GAR,GEE,HOM,INT,KIN,MAS,PAR,QUI,REY,RUB,SPO,TIT,WOR",31,1351179,5719767080.200001,4572230376.9800005,RRI_sports,0,1147241265.7200005,0,822947469.0189592
2025-09-26,-1990119004.62,24,"ABA,ABE,ADV,BET,BLU,BWI,DAY,EDG,ELD,ENT,GAM,GAR,GEE,HOM,INT,KIN,MAS,PAR,QUI,REY,RUB,SPO,TIT,WOR",30,1337628,6704178881.650001,8694215546.269999,RRI_sports,0,-1990119004.62,0,519032619.87534946
2025-09-27,4207368948.15,23,"ABA,ADV,BET,BLU,BWI,DAY,EDG,ELD,ENT,GAM,GAR,GEE,HOM,INT,KIN,MAS,PAR,QUI,REY,RUB,SPO,TIT,WOR",28,3270886,14319655427.18,10104808079.03,RRI_sports,0,4207368948.15,0,1506303448.38127
2025-09-28,718141911.9300007,23,"ABA,ADV,BET,BLU,BWI,DAY,EDG,ELD,ENT,GAM,GAR,GEE,HOM,INT,KIN,MAS,PAR,QUI,REY,RUB,SPO,TIT,WOR",28,2236152,9781831236.660002,9063648179.73,RRI_sports,0,718141911.9300007,0,1956874839.815465
2025-09-29,-791891054.0999995,24,"ABA,ABE,ADV,BET,BLU,BWI,DAY,EDG,ELD,ENT,GAM,GAR,GEE,HOM,INT,KIN,MAS,PAR,QUI,REY,RUB,SPO,TIT,WOR",30,1066716,4514914874.72,5306712907.82,RRI_sports,0,-791891054.0999995,0,1427133949.974891
2025-09-30,409021586.80000025,24,"ABA,ABE,ADV,BET,BLU,BWI,DAY,EDG,ELD,ENT,GAM,GAR,GEE,HOM,INT,KIN,MAS,PAR,QUI,REY,RUB,SPO,TIT,WOR",30,1836389,8416206912.21,8006665250.4,RRI_sports,0,409021586.80000025,0,837067484.5752174
2025-10-01,1541387697.9199994,23,"ABA,ABE,ADV,BET,BLU,BWI,DAY,EDG,ELD,ENT,GAM,GAR,GEE,HOM,INT,KIN,MAS,PAR,QUI,REY,RUB,SPO,TIT",42,2063080,9865300735.82,8323798209.58,RRI_other,0,1541387697.9199994,0,1795678677.5538318
2025-10-02,737878355.2000009,24,"ABA,ABE,ADV,BET,BLU,BWI,DAY,EDG,ELD,ENT,GAM,GAR,GEE,HOM,INT,KIN,MAS,PAR,QUI,REY,RUB,SPO,TIT,WOR",30,1986819,9403856463.26,8665923276.98,RRI_sports,0,737878355.2000009,0,2057637872.2721517
2025-10-03,2454340303.2799997,24,"ABA,ABE,ADV,BET,BLU,BWI,DAY,EDG,ELD,ENT,GAM,GAR,GEE,HOM,INT,KIN,MAS,PAR,QUI,REY,RUB,SPO,TIT,WOR",30,1682806,7072080505.059999,4616375590.05,RRI_sports,0,2454340303.2799997,0,330340458.0510108
2025-10-04,-874236223.0200008,24,"ABA,ABE,ADV,BET,BLU,BWI,DAY,EDG,ELD,ENT,GAM,GAR,GEE,HOM,INT,KIN,MAS,PAR,QUI,REY,RUB,SPO,TIT,WOR",30,2980796,13208602649.05,14081836052.48,RRI_sports,0,-874236223.0200008,0,1908202167.2380528
2025-10-05,2888418181.9800005,23,"ABA,ABE,ADV,BET,BLU,BWI,DAY,EDG,ELD,ENT,GAM,GAR,HOM,INT,KIN,MAS,PAR,QUI,REY,RUB,SPO,TIT,WOR",31,2964416,14537361090.070002,11648883778.09,RRI_other,0,2888418181.9800005,0,1040397189.3757768
2025-10-06,-12407650.650000162,22,"ABA,ABE,ADV,BET,BWI,DAY,EDG,ELD,ENT,GAM,GAR,HOM,INT,KIN,MAS,PAR,QUI,REY,RUB,SPO,TIT,WOR",30,865864,3527716359.17,3540086527.82,RRI_sports,0,-12407650.650000162,0,645335867.2142824
2025-10-07,638825682.9900001,22,"ABA,ABE,ADV,BET,BLU,BWI,DAY,EDG,ELD,ENT,GAM,GAR,INT,KIN,MAS,PAR,QUI,REY,RUB,SPO,TIT,WOR",29,1059421,4185187122.270001,3545909369.2799997,RRI_sports,0,638825682.9900001,0,953118582.229719
2025-10-08,1765939205.1300004,23,"ABA,ADV,BET,BLU,BWI,DAY,EDG,ELD,ENT,GAM,GAR,GEE,HOM,INT,KIN,MAS,PAR,QUI,REY,RUB,SPO,TIT,WOR",29,1275114,5326020799.460001,3559850182.41,RRI_sports,0,1765939205.1300004,0,725489692.6885676
2025-10-09,504839726.44999975,23,"ABA,ABE,ADV,BET,BLU,BWI,DAY,EDG,ELD,ENT,GAM,GAR,GEE,INT,KIN,MAS,PAR,QUI,REY,RUB,SPO,TIT,WOR",30,1217186,5086307067.539999,4581246148.09,RRI_sports,0,504839726.44999975,0,681846598.1140431
2025-10-10,2339881594.7900004,24,"ABA,ABE,ADV,BET,BLU,BWI,DAY,EDG,ELD,ENT,GAM,GAR,GEE,HOM,INT,KIN,MAS,PAR,QUI,REY,RUB,SPO,TIT,WOR",30,1494867,7117194691.24,4777222592.45,RRI_sports,0,2339881594.7900004,0,534982744.2292572
2025-10-11,2486254224.21,24,"ABA,ABE,ADV,BET,BLU,BWI,DAY,EDG,ELD,ENT,GAM,GAR,GEE,HOM,INT,KIN,MAS,PAR,QUI,REY,RUB,SPO,TIT,WOR",30,1409345,6597912444.64,4111458414.68,RRI_sports,0,2486254224.21,0,576016802.2896404
2025-10-12,858532361.61,24,"ABA,ABE,ADV,BET,BLU,BWI,DAY,EDG,ELD,ENT,GAM,GAR,GEE,HOM,INT,KIN,MAS,PAR,QUI,REY,RUB,SPO,TIT,WOR",31,1397485,5977083130.56,5118472309.190001,RRI_sports,0,858532361.61,0,618586971.414738
2025-10-13,2937135564.7100005,24,"ABA,ABE,ADV,BET,BLU,BWI,DAY,EDG,ELD,ENT,GAM,GAR,GEE,HOM,INT,KIN,MAS,PAR,QUI,REY,RUB,SPO,TIT,WOR",35,1227343,5435028899.740001,2497823094.0299997,RRI_sports,0,2937135564.7100005,0,471898554.7861871
2025-10-14,1267750931.3,24,"ABA,ABE,ADV,BET,BLU,BWI,DAY,EDG,ELD,ENT,GAM,GAR,GEE,HOM,INT,KIN,MAS,PAR,QUI,REY,RUB,SPO,TIT,WOR",36,1174056,4843106217.059999,3575243668.57,RRI_other,0,1267750931.3,0,587853058.4896662
2025-10-15,610085192.84,24,"ABA,ABE,ADV,BET,BLU,BWI,DAY,EDG,ELD,ENT,GAM,GAR,GEE,HOM,INT,KIN,MAS,PAR,QUI,REY,RUB,SPO,TIT,WOR",32,763297,2799548674.07,2189271116.23,RRI_sports,0,610085192.84,0,559950199.7720252
2025-10-16,802811077.7700002,23,"ABA,ABE,ADV,BET,BLU,BWI,DAY,EDG,ELD,ENT,GAM,GAR,GEE,INT,KIN,MAS,PAR,QUI,REY,RUB,SPO,TIT,WOR",31,807047,3184809716.51,2381863751.74,RRI_sports,0,802811077.7700002,0,627628204.3127856
2025-10-17,1811660876.36,23,"ABA,ABE,ADV,BET,BLU,BWI,DAY,EDG,ELD,ENT,GAM,GAR,GEE,HOM,INT,KIN,MAS,PAR,QUI,REY,RUB,SPO,TIT",30,1651376,6221361879.46,4409660611.1,RRI_sports,0,1811660876.36,0,690092595.3387697
2025-10-18,336886763.11999893,24,"ABA,ABE,ADV,BET,BLU,BWI,DAY,EDG,ELD,ENT,GAM,GAR,GEE,HOM,INT,KIN,MAS,PAR,QUI,REY,RUB,SPO,TIT,WOR",31,3428990,14014729014.09,13677802865.97,RRI_sports,0,336886763.11999893,0,1168753624.3097966
2025-10-19,696485196.4300005,24,"ABA,ABE,ADV,BET,BLU,BWI,DAY,EDG,ELD,ENT,GAM,GAR,GEE,HOM,INT,KIN,MAS,PAR,QUI,REY,RUB,SPO,TIT,WOR",31,2519607,11477665548.0,10781132945.57,RRI_sports,0,696485196.4300005,0,1070514540.1393319
2025-10-20,540300619.3999999,24,"ABA,ABE,ADV,BET,BLU,BWI,DAY,EDG,ELD,ENT,GAM,GAR,GEE,HOM,INT,KIN,MAS,PAR,QUI,REY,RUB,SPO,TIT,WOR",31,1135631,4495916971.72,3955573157.32,RRI_sports,0,540300619.3999999,0,552711848.176286
2025-10-21,-11994343007.37,24,"ABA,ABE,ADV,BET,BLU,BWI,DAY,EDG,ELD,ENT,GAM,GAR,GEE,HOM,INT,KIN,MAS,PAR,QUI,REY,RUB,SPO,TIT,WOR",31,1918286,8335718915.54,20329963721.910004,RRI_sports,0,-11994343007.37,0,860803962.3286515
2025-10-22,-11987020652.36,23,"ABA,ABE,ADV,BET,BLU,BWI,DAY,EDG,ELD,ENT,GAM,GAR,GEE,HOM,INT,KIN,MAS,PAR,QUI,REY,RUB,SPO,TIT",31,2025335,11083712775.79,23070402217.65,RRI_other,0,-11987020652.36,0,1111065672.6309924
2025-10-23,7148349059.93,24,"ABA,ABE,ADV,BET,BLU,BWI,DAY,EDG,ELD,ENT,GAM,GAR,GEE,HOM,INT,KIN,MAS,PAR,QUI,REY,RUB,SPO,TIT,WOR",32,2862298,13866667998.06,6715564450.129999,RRI_sports,0,7148349059.93,0,1787530820.5585086
2025-10-24,4987461925.96,24,"ABA,ABE,ADV,BET,BLU,BWI,DAY,EDG,ELD,ENT,GAM,GAR,GEE,HOM,INT,KIN,MAS,PAR,QUI,REY,RUB,SPO,TIT,WOR",31,1900303,9059151517.72,4071617325.76,RRI_sports,0,4987461925.96,0,5300088809.938899
2025-10-25,5031713028.700002,24,"ABA,ABE,ADV,BET,BLU,BWI,DAY,EDG,ELD,ENT,GAM,GAR,GEE,HOM,HOT,INT,KIN,MAS,PAR,QUI,REY,RUB,SPO,TIT",31,3321399,14974764147.62,9942949530.96,RRI_sports,0,5031713028.700002,0,5685537072.383351
2025-10-26,1447135141.415,24,"ABA,ABE,ADV,BET,BLU,BWI,DAY,EDG,ELD,ENT,GAM,GAR,GEE,HOM,HOT,INT,KIN,MAS,PAR,QUI,REY,RUB,SPO,TIT",31,2817954,12823230094.84,11375807981.325,RRI_sports,0,1447135141.415,0,6555200913.943971
2025-10-27,636084387.1359993,26,"ABA,ABE,ADV,AKE,BET,BLU,BWI,DAY,EDG,ELD,ENT,GAM,GAR,GEE,HOM,HOT,INT,KIN,MAS,PAR,QUI,REY,RUB,SPO,TIT,WOR",33,1252581,5489059097.61,4852940900.474,RRI_sports,0,636084387.1359993,0,1283009053.4487033
2025-10-28,1283504685.1571,25,"ABA,ABE,ADV,AKE,BET,BLU,BWI,DAY,EDG,ELD,ENT,GAM,GAR,GEE,HOM,HOT,INT,KIN,MAS,PAR,QUI,REY,RUB,SPO,TIT",32,1607412,6588947492.04,5305412946.8829,RRI_sports,0,1283504685.1571,0,776717450.7066144
2025-10-29,4112258879.7787,23,"ABA,ADV,BET,BLU,BWI,DAY,EDG,ELD,ENT,GAM,GAR,GEE,HOM,HOT,INT,KIN,MAS,PAR,QUI,REY,RUB,SPO,TIT",30,2273317,10513759666.06,6401434349.191299,RRI_sports,0,4112258879.7787,0,1679767596.1549082
2025-10-30,236585028.8929,23,"ABA,ABE,ADV,BET,BLU,BWI,DAY,EDG,ELD,ENT,GAM,GAR,GEE,HOT,INT,KIN,MAS,PAR,QUI,REY,RUB,SPO,TIT",29,1576208,7273137648.63,7036521110.6071,RRI_sports,0,236585028.8929,0,507847542.61259174
2025-10-31,1835220448.7914,18,"ABA,ADV,AKE,BWI,DAY,ELD,GAM,GAR,GEE,HOT,INT,MAS,PAR,QUI,REY,RUB,SPO,TIT",22,1198727,5382921995.85,3545559976.6186004,RRI_other,0,1835220448.7914,0,843130149.8999975
2025-11-01,4330479828.701001,18,"ABA,ADV,AKE,BWI,DAY,ELD,GAM,GAR,GEE,HOT,INT,MAS,PAR,QUI,REY,RUB,SPO,TIT",22,3493210,15687296955.39,11356809926.689,RRI_other,0,4330479828.701001,0,1671178561.6448247
2025-11-02,-1557985992.3291998,22,"ABA,ABE,ADV,AKE,BET,BWI,DAY,ELD,GAM,GAR,GEE,HOT,INT,KIN,MAS,PAR,QUI,REY,RUB,SPO,TIT,WOR",29,2573314,12463592859.79,14018617402.1192,RRI_sports,0,-1557985992.3291998,0,1295859858.819784
2025-11-03,558650074.0500002,25,"ABA,ABE,ADV,AKE,BET,BLU,BWI,DAY,EDG,ELD,GAM,GAR,GEE,HOM,HOT,INT,KIN,MAS,PAR,QUI,REY,RUB,SPO,TIT,WOR",39,1266532,5428318599.490001,4869503325.44,RRI_sports,0,558650074.0500002,0,677053839.8979689
2025-11-04,3554494750.26,25,"ABA,ABE,ADV,AKE,BET,BLU,BWI,DAY,EDG,ELD,GAM,GAR,GEE,HOM,HOT,INT,KIN,MAS,PAR,QUI,REY,RUB,SPO,TIT,WOR",36,2009180,8204623028.96,4650115263.7,RRI_sports,0,3554494750.26,0,1978267438.0580893
2025-11-05,5483791233.5476,26,"ABA,ABE,ADV,AKE,BET,BLU,BWI,DAY,EDG,ELD,ENT,GAM,GAR,GEE,HOM,HOT,INT,KIN,MAS,PAR,QUI,REY,RUB,SPO,TIT,WOR",35,2556751,13263702704.74,7779771178.242401,RRI_sports,0,5483791233.5476,0,2206141692.7517858
2025-11-06,3862464301.65,26,"ABA,ABE,ADV,AKE,BET,BLU,BWI,DAY,EDG,ELD,ENT,GAM,GAR,GEE,HOM,HOT,INT,KIN,MAS,PAR,QUI,REY,RUB,SPO,TIT,WOR",35,1895688,8625272418.539999,4762632110.25,RRI_sports,0,3862464301.65,0,4615082911.157386
2025-11-07,1826370240.205,26,"ABA,ABE,ADV,AKE,BET,BLU,BWI,DAY,EDG,ELD,ENT,GAM,GAR,GEE,HOM,HOT,INT,KIN,MAS,PAR,QUI,REY,RUB,SPO,TIT,WOR",33,1403185,5881089375.41,4054432637.565,RRI_sports,0,1826370240.205,0,1151778033.571458
2025-11-08,8005019930.000001,26,"ABA,ABE,ADV,AKE,BET,BLU,BWI,DAY,EDG,ELD,ENT,GAM,GAR,GEE,HOM,HOT,INT,KIN,MAS,PAR,QUI,REY,RUB,SPO,TIT,WOR",33,3358745,14225190006.92,6219876449.280001,RRI_sports,0,8005019930.000001,0,3324601289.0486403
2025-11-09,3411154864.77,26,"ABA,ABE,ADV,AKE,BET,BLU,BWI,DAY,EDG,ELD,ENT,GAM,GAR,GEE,HOM,HOT,INT,KIN,MAS,PAR,QUI,REY,RUB,SPO,TIT,WOR",35,2738789,11391139855.4,7979677175.99,RRI_sports,0,3411154864.77,0,4981588429.817885
2025-11-10,-1081803963.78,26,"ABA,ABE,ADV,AKE,BET,BLU,BWI,DAY,EDG,ELD,ENT,GAM,GAR,GEE,HOM,HOT,INT,KIN,MAS,PAR,QUI,REY,RUB,SPO,TIT,WOR",35,898040,3522420280.32,4603872728.46,RRI_sports,0,-1081803963.78,0,961590093.393416
2025-11-11,945201868.2850002,26,"ABA,ABE,ADV,AKE,BET,BLU,BWI,DAY,EDG,ELD,ENT,GAM,GAR,GEE,HOM,HOT,INT,KIN,MAS,PAR,QUI,REY,RUB,SPO,TIT,WOR",37,997112,3264860640.04,2319274644.6749997,RRI_sports,0,945201868.2850002,0,2425283275.403995
2025-11-12,604567009.8899999,25,"ABA,ABE,ADV,BET,BLU,BWI,DAY,EDG,ELD,ENT,GAM,GAR,GEE,HOM,HOT,INT,KIN,MAS,PAR,QUI,REY,RUB,SPO,TIT,WOR",32,1054310,3909757335.85,3304692066.32,RRI_sports,0,604567009.8899999,0,843022369.2773262
2025-11-13,1530836365.17,25,"ABA,ABE,ADV,BET,BLU,BWI,DAY,EDG,ELD,ENT,GAM,GAR,GEE,HOM,HOT,INT,KIN,MAS,PAR,QUI,REY,RUB,SPO,TIT,WOR",32,1078420,4179759287.21,2648398906.3999996,RRI_sports,0,1530836365.17,0,1463905679.5235465
2025-11-14,2588921545.7999997,23,"ABE,ADV,BET,BLU,BWI,DAY,EDG,ELD,ENT,GAM,GAR,GEE,HOM,HOT,INT,KIN,MAS,PAR,QUI,REY,RUB,SPO,TIT",30,1311271,5618392333.44,3028738057.0,RRI_sports,0,2588921545.7999997,0,534833772.54959923
2025-11-15,1978217724.45,26,"ABA,ABE,ADV,AKE,BET,BLU,BWI,DAY,EDG,ELD,ENT,GAM,GAR,GEE,HOM,HOT,INT,KIN,MAS,PAR,QUI,REY,RUB,SPO,TIT,WOR",33,1414802,5824207002.2699995,3838453464.18,RRI_sports,0,1978217724.45,0,409999756.3176412
2025-11-16,1113143387.965,24,"ABA,ABE,ADV,BET,BWI,DAY,EDG,ELD,ENT,GAM,GAR,GEE,HOM,HOT,INT,KIN,MAS,PAR,QUI,REY,RUB,SPO,TIT,WOR",30,1381964,5525633479.780001,4411772029.175,RRI_sports,0,1113143387.965,0,430701962.7290637
2025-11-17,-594783778.3699999,24,"ABA,ABE,ADV,BET,BLU,BWI,DAY,ELD,ENT,GAM,GAR,GEE,HOM,HOT,INT,KIN,MAS,PAR,QUI,REY,RUB,SPO,TIT,WOR",39,942134,3469772951.4400005,4063752133.17,RRI_other,0,-594783778.3699999,0,474671791.3706325
2025-11-18,-538824518.93,25,"ABA,ABE,ADV,BET,BLU,BWI,DAY,EDG,ELD,ENT,GAM,GAR,GEE,HOM,HOT,INT,KIN,MAS,PAR,QUI,REY,RUB,SPO,TIT,WOR",36,1151787,4749204978.32,5286810781.610001,RRI_sports,0,-538824518.93,0,732287523.3872182
2025-11-19,1320653596.85,24,"ABA,ABE,ADV,BET,BLU,BWI,DAY,EDG,ELD,ENT,GAM,GAR,GEE,HOM,HOT,INT,KIN,MAS,PAR,QUI,REY,SPO,TIT,WOR",32,1159109,4769108688.09,3447596149.6,RRI_sports,0,1320653596.85,0,726561429.1274754
2025-11-20,752389701.3700001,25,"ABA,ABE,ADV,BET,BLU,BWI,DAY,EDG,ELD,ENT,GAM,GAR,GEE,HOM,HOT,INT,KIN,MAS,PAR,QUI,REY,RUB,SPO,TIT,WOR",33,965485,3667995900.94,2914761652.93,RRI_sports,0,752389701.3700001,0,784457875.7188509
2025-11-21,1215959284.6146002,25,"ABA,ABE,ADV,BET,BLU,BWI,DAY,EDG,ELD,ENT,GAM,GAR,GEE,HOM,HOT,INT,KIN,MAS,PAR,QUI,REY,RUB,SPO,TIT,WOR",32,1250555,4658354501.08,3441530318.8254,RRI_sports,0,1215959284.6146002,0,799188832.2176713
2025-11-22,3318006254.7725,25,"ABA,ABE,ADV,BET,BLU,BWI,DAY,EDG,ELD,ENT,GAM,GAR,GEE,HOM,HOT,INT,KIN,MAS,PAR,QUI,REY,RUB,SPO,TIT,WOR",33,3826537,15473404604.91,12154493850.4975,RRI_sports,0,3318006254.7725,0,1258633086.3749378
2025-11-23,1015998427.1649996,25,"ABA,ABE,ADV,BET,BLU,BWI,DAY,EDG,ELD,ENT,GAM,GAR,GEE,HOM,HOT,INT,KIN,MAS,NAT,PAR,QUI,REY,RUB,SPO,TIT",33,2670774,11129637061.88,10112601636.075,RRI_sports,0,1015998427.1649996,0,1200343083.1812484
2025-11-24,2459289631.26,26,"ABA,ABE,ADV,BET,BLU,BWI,DAY,EDG,ELD,ENT,GAM,GAR,GEE,HOM,HOT,INT,KIN,MAS,NAT,PAR,QUI,REY,RUB,SPO,TIT,WOR",33,1451218,5851845006.4800005,3391551024.58,RRI_sports,0,2459289631.26,0,778957625.5329012
2025-11-25,3847231388.91,26,"ABA,ABE,ADV,BET,BLU,BWI,DAY,EDG,ELD,ENT,GAM,GAR,GEE,HOM,HOT,INT,KIN,MAS,NAT,PAR,QUI,REY,RUB,SPO,TIT,WOR",33,1913033,6815427853.829999,2967065730.28,RRI_sports,0,3847231388.91,0,761603391.0830672
2025-11-26,2842266849.43,25,"ABA,ABE,ADV,BET,BLU,BWI,DAY,EDG,ELD,ENT,GAM,GAR,GEE,HOM,INT,KIN,MAS,NAT,PAR,QUI,REY,RUB,SPO,TIT,WOR",32,1962010,7445629094.7,4602148413.63,RRI_other,0,2842266849.43,0,1173574924.5363114
2025-11-27,-2621541983.4526005,19,"ABE,ADV,BET,BWI,DAY,EDG,ELD,ENT,GAM,GAR,GEE,HOT,INT,KIN,QUI,REY,RUB,SPO,TIT",25,2317374,8852983970.31,11473231164.6326,RRI_other,0,-2621541983.4526005,0,1939213640.7548096
2025-11-28,-29515360.80110001,23,"ABA,ABE,ADV,BET,BLU,BWI,DAY,EDG,ELD,ENT,GAM,GAR,GEE,HOM,HOT,INT,KIN,MAS,QUI,REY,RUB,SPO,TIT",30,1693922,6285507167.330001,6313686003.0011,RRI_other,0,-29515360.80110001,0,457077707.94740224
2025-11-29,72245294.50099903,25,"ABA,ABE,ADV,BET,BLU,BWI,DAY,EDG,ELD,ENT,GAM,GAR,GEE,HOM,HOT,INT,KIN,MAS,NAT,QUI,REY,RUB,SPO,TIT,WOR",34,3118416,13631262296.77,13553931393.149,RRI_other,0,72245294.50099903,0,1725418880.0759969
2025-11-30,2452660419.8230004,25,"ABA,ABE,ADV,BET,BLU,BWI,DAY,EDG,ELD,ENT,GAM,GAR,GEE,HOM,HOT,INT,KIN,MAS,NAT,QUI,REY,RUB,SPO,TIT,WOR",31,3401721,13927919879.36,11473761167.447,RRI_sports,0,2452660419.8230004,0,2261555485.6682897
2025-12-01,1754803519.0800002,24,"ABA,ABE,ADV,BET,BLU,BWI,DAY,EDG,ELD,ENT,GAM,GAR,GEE,HOM,INT,KIN,MAS,NAT,QUI,REY,RUB,SPO,TIT,WOR",31,1492960,6259512223.740001,4503149620.14,RRI_other,0,1754803519.0800002,0,386378048.54640734
2025-12-02,1421169604.05,24,"ABA,ABE,ADV,BET,BLU,BWI,DAY,EDG,ELD,ENT,GAM,GAR,GEE,HOM,INT,KIN,MAS,NAT,QUI,REY,RUB,SPO,TIT,WOR",31,1555485,4947802363.91,3524971325.34,RRI_other,0,1421169604.05,0,682799330.5751474
2025-12-03,3013101334.74,23,"ABA,ABE,ADV,BET,BLU,BWI,DAY,EDG,ELD,ENT,GAM,GAR,GEE,HOM,INT,KIN,MAS,NAT,QUI,REY,RUB,SPO,TIT",30,2415518,8801865132.69,5787084587.27,RRI_other,0,3013101334.74,0,1700358823.6905415
2025-12-04,2309668690.680001,24,"ABA,ABE,ADV,BET,BLU,BWI,DAY,EDG,ELD,ENT,GAM,GAR,GEE,HOM,INT,KIN,MAS,NAT,QUI,REY,RUB,SPO,TIT,WOR",31,2314958,9125019305.48,6813626145.95,RRI_sports,0,2309668690.680001,0,1934060890.7418392
2025-12-05,1850477553.89,24,"ABA,ABE,ADV,BET,BLU,BWI,DAY,EDG,ELD,ENT,GAM,GAR,GEE,HOM,INT,KIN,MAS,NAT,QUI,REY,RUB,SPO,TIT,WOR",31,1656844,6038363702.73,4186099252.78,RRI_other,0,1850477553.89,0,375689244.56009614
2025-12-06,1728525152.6399992,24,"ABA,ABE,ADV,BET,BLU,BWI,DAY,EDG,ELD,ENT,GAM,GAR,GEE,HOM,INT,KIN,MAS,NAT,QUI,REY,RUB,SPO,TIT,WOR",31,3452824,13368587593.11,11638256795.62,RRI_other,0,1728525152.6399992,0,1402709725.7944758
2025-12-07,2542791999.0399995,6,"ADV,BET,BWI,INT,KIN,MAS",7,2029686,8994885312.91,6452080313.87,RRI_sports,0,2542791999.0399995,0,2564864493.302281
