date,expected_GGR,was_interpolated,actual_GGR,is_missing,deviation,deviation_pct,day_of_week,is_weekend,is_anomaly,anomaly_score
2024-12-30,2790238.0,0,2790238.0,0,0.0,0.0,Monday,0,0,0.3410774516272993
2024-12-31,3134493737.5379996,0,3134493737.5379996,0,0.0,0.0,Tuesday,0,0,0.36538614706081746
2025-01-01,1324484758.0830002,0,1324484758.0830002,0,0.0,0.0,Wednesday,0,0,0.3369117732493431
2025-01-02,689647803.71,0,689647803.71,0,0.0,0.0,Thursday,0,0,0.33249250075809733
2025-01-03,341668774.1729999,0,341668774.1729999,0,0.0,0.0,Friday,0,0,0.3344738608044898
2025-01-04,1054617044.226,0,1054617044.226,0,0.0,0.0,Saturday,1,0,0.3920391739554122
2025-01-05,3294031360.0,0,3510390985.57,0,216359625.57000017,6.568232112095015,Sunday,1,0,0.449317715892515
2025-01-06,679437760.0,0,648598666.8969998,0,-30839093.103000164,-4.5389136310293035,Monday,0,0,0.3366745567904877
2025-01-07,106241672.0,0,61842319.75099978,0,-44399352.24900022,-41.790901266124855,Tuesday,0,0,0.35238456143835767
2025-01-08,669586368.0,0,737900013.0529999,0,68313645.05299985,10.202364970040707,Wednesday,0,0,0.33708382936739595
2025-01-09,1404198912.0,0,1472618769.051,0,68419857.05100012,4.872518876513709,Thursday,0,0,0.34019717188215515
2025-01-10,1275431552.0,0,1323089343.3279998,0,47657791.32799983,3.73660125102502,Friday,0,0,0.3383740756682118
2025-01-11,1001363008.0,0,978679372.232,0,-22683635.768000007,-2.265275987506821,Saturday,1,0,0.39388414136792566
2025-01-12,2648308992.0,0,2959945053.385999,0,311636061.3859992,11.76736031661668,Sunday,1,0,0.48645013651161007
2025-01-13,509766464.0,0,423607203.282,0,-86159260.718,-16.901712215811827,Monday,0,0,0.34720346262090807
2025-01-14,271348128.0,0,303209324.606,0,31861196.606000006,11.741815519729698,Tuesday,0,0,0.3385634585783052
2025-01-15,1108211456.0,0,1201159430.525,0,92947974.5250001,8.387205710766455,Wednesday,0,0,0.34473319138627867
2025-01-16,-12494902.0,0,-348267646.5410001,0,-335772744.5410001,2687.2779357613217,Thursday,0,1,0.6977802478914141
2025-01-17,1576161536.0,0,1720316282.343,0,144154746.34299994,9.145937332593297,Friday,0,0,0.3648917860465907
2025-01-18,1830102016.0,0,1871457185.642001,0,41355169.64200091,2.2597193643002313,Saturday,1,0,0.3975375679954781
2025-01-19,746571712.0,0,566121645.6839993,0,-180450066.3160007,-24.1704933920669,Sunday,1,0,0.462096532086895
2025-01-20,388645440.0,0,50754739.672999926,0,-337890700.3270001,-86.94060589698417,Monday,0,0,0.4350101013812808
2025-01-21,6730054.0,0,-57602183.506999984,0,-64332237.506999984,-955.8948190757457,Tuesday,0,0,0.5187182127213331
2025-01-22,-15131490.0,0,-323095335.327,0,-307963845.327,2035.2512893773185,Wednesday,0,1,0.6521967333934711
2025-01-23,1457479040.0,0,1607240285.229,0,149761245.2290001,10.275361848702818,Thursday,0,0,0.35941927656718636
2025-01-24,2473062656.0,0,2614627128.263,0,141564472.263,5.72425740688553,Friday,0,0,0.38121472867233336
2025-01-25,222313232.0,0,115900404.315,0,-106412827.685,-47.86616915586923,Saturday,1,0,0.4669133743890828
2025-01-26,1888633472.0,0,1894604386.853,0,5970914.852999926,0.31615000695063006,Sunday,1,0,0.39752336335887195
2025-01-27,2365918464.0,0,2444706018.5079994,0,78787554.50799942,3.3301043846961336,Monday,0,0,0.36335367921092643
2025-01-28,437576896.0,0,485607905.258,0,48031009.258000016,10.976587131784951,Tuesday,0,0,0.3385175838432888
2025-01-29,365776896.0,0,332125466.873,0,-33651429.126999974,-9.199987614034534,Wednesday,0,0,0.33951509749036923
2025-01-30,-551931328.0,0,-833662812.7820004,0,-281731484.7820004,51.04466271245984,Thursday,0,0,0.4239349438891319
2025-01-31,1101243520.0,0,1030165826.9090002,0,-71077693.09099984,-6.454312039084674,Friday,0,0,0.3394466925470498
2025-02-01,1044588160.0,0,885972124.6599995,0,-158616035.3400005,-15.184552287094707,Saturday,1,0,0.4497371301520202
2025-02-02,4193980160.0,0,4184568573.829,0,-9411586.171000004,-0.2244070265463536,Sunday,1,0,0.4239432537217249
2025-02-03,910996096.0,0,956640599.456,0,45644503.45599997,5.010395067159538,Monday,0,0,0.3351790995113904
2025-02-04,589922816.0,0,478282409.7869999,0,-111640406.21300012,-18.92457846773638,Tuesday,0,0,0.3516900680655
2025-02-05,1221772288.0,0,1204231719.1369996,0,-17540568.863000393,-1.4356659612662939,Wednesday,0,0,0.3377997591513641
2025-02-06,1398145920.0,0,1493686771.0010004,0,95540851.0010004,6.833396259597882,Thursday,0,0,0.34726580216999325
2025-02-07,589112640.0,0,361007147.697,0,-228105492.30299997,-38.72018300320291,Friday,0,0,0.3871870602604013
2025-02-08,-708778304.0,0,-830165389.8979993,0,-121387085.89799929,17.126241761768046,Saturday,1,0,0.4711481615489168
2025-02-09,2819120128.0,0,2941497925.3100004,0,122377797.31000042,4.340992641445906,Sunday,1,0,0.4152970003507574
2025-02-10,1348313856.0,0,1603468245.1640005,0,255154389.1640005,18.923961066524893,Monday,0,0,0.3866936600183042
2025-02-11,756192448.0,0,771237304.1559997,0,15044856.15599966,1.989553875576348,Tuesday,0,0,0.33392072940079537
2025-02-12,-724478528.0,0,-804661326.9239994,0,-80182798.92399943,11.067657056083162,Wednesday,0,0,0.3778084699630114
2025-02-13,2836745984.0,0,3045217533.282,0,208471549.28200006,7.348967812339733,Thursday,0,0,0.4059895577107572
2025-02-14,990208128.0,0,864576237.273,0,-125631890.727,-12.68742269170709,Friday,0,0,0.3606144432851155
2025-02-15,1880605824.0,0,1995039544.339,0,114433720.33899999,6.084939165805752,Saturday,1,0,0.4046798013634722
2025-02-16,4257568256.0,0,4262796306.1810007,0,5228050.1810007095,0.1227942775464152,Sunday,1,0,0.42552574413986105
2025-02-17,751795008.0,0,778234626.822,0,26439618.822000027,3.516865440798461,Monday,0,0,0.3327614211317633
2025-02-18,662141184.0,0,635457526.0359999,0,-26683657.964000106,-4.02990458965321,Tuesday,0,0,0.33618292825994417
2025-02-19,1769414016.0,0,1794891437.8460004,0,25477421.846000433,1.439879056886618,Wednesday,0,0,0.34755333658043264
2025-02-20,1351801984.0,0,1501132129.91,0,149330145.9100001,11.046747058924282,Thursday,0,0,0.3579158109442156
2025-02-21,1171473536.0,0,1533182808.6130002,0,361709272.61300015,30.876435659661382,Friday,0,0,0.43224307164438325
2025-02-22,-1429116032.0,0,-1711241692.931,0,-282125660.931,19.741270450669745,Saturday,1,0,0.5072111802173642
2025-02-23,3236346880.0,0,3433400925.3180003,0,197054045.31800032,6.08878011611661,Sunday,1,0,0.44309693601396244
2025-02-24,331553728.0,0,212461238.9349998,0,-119092489.0650002,-35.91951439767862,Monday,0,0,0.3619525451840105
2025-02-25,401729280.0,0,388156347.886,0,-13572932.114000022,-3.378626550198189,Tuesday,0,0,0.3380923030802873
2025-02-26,-1279232128.0,0,-1379502898.676,0,-100270770.67600012,7.838356188940255,Wednesday,0,0,0.3982625647314828
2025-02-27,3240155136.0,0,3250420667.018,0,10265531.018000126,0.3168222071821232,Thursday,0,0,0.37587022859424
2025-02-28,1196125952.0,0,1213335038.5720005,0,17209086.572000504,1.438735322415319,Friday,0,0,0.3352145465256316
2025-03-01,12814740480.0,0,13231573953.987,0,416833473.9869995,3.2527656306232084,Saturday,1,1,0.6830083840261086
2025-03-02,12238897152.0,0,12221526286.327,0,-17370865.673000336,-0.14193162551547142,Sunday,1,1,0.5901058955751705
2025-03-03,5288767488.0,0,5354917531.910001,0,66150043.9100008,1.2507648343416984,Monday,0,0,0.42375989104185385
2025-03-04,6144983552.0,0,6232519993.724999,0,87536441.72499943,1.4245187311609493,Tuesday,0,0,0.45166343527534936
2025-03-05,10073478144.0,0,10092971189.693,0,19493045.693000793,0.19350859171329327,Wednesday,0,0,0.5217337597022601
2025-03-06,12589600768.0,0,12641701575.931,0,52100807.930999756,0.41384003266750574,Thursday,0,1,0.5668835118740315
2025-03-07,8605558784.0,0,8619651091.182001,0,14092307.182001114,0.16375818858157618,Friday,0,0,0.4865525530260268
2025-03-08,11477907456.0,0,11526538095.875,0,48630639.875,0.42368907452358534,Saturday,1,1,0.5882455222903183
2025-03-09,12985600000.0,0,13151236085.31,0,165636085.30999947,1.2755366352729136,Sunday,1,1,0.6197549207592609
2025-03-10,5987717120.0,0,5972340399.49,0,-15376720.510000229,-0.2568043914205524,Monday,0,0,0.439809220801426
2025-03-11,5196853248.0,0,5186517562.416,0,-10335685.583999634,-0.19888353760955835,Tuesday,0,0,0.41819137735859396
2025-03-12,8998964224.0,0,8982014560.442999,0,-16949663.557001114,-0.1883512717141025,Wednesday,0,0,0.5092009318596098
2025-03-13,7653532160.0,0,7687624673.889999,0,34092513.88999939,0.44544810392486006,Thursday,0,0,0.4560809766998025
2025-03-14,-2250717952.0,0,-2418283846.4009995,0,-167565894.40099955,7.444997461903194,Friday,0,0,0.43930096951312264
2025-03-15,-99868816.0,0,-125649380.03500074,0,-25780564.03500074,25.814428434798646,Saturday,1,0,0.4423451923025836
2025-03-16,2305562880.0,0,2302726980.5480003,0,-2835899.4519996643,-0.12300247703500779,Sunday,1,0,0.399361327627789
2025-03-17,-1336568448.0,0,-1384049858.94,0,-47481410.94000006,3.552486295112666,Monday,0,0,0.39598666519648434
2025-03-18,976915840.0,0,1012182370.802,0,35266530.802000046,3.609986588199864,Tuesday,0,0,0.33248423697651697
2025-03-19,1096531072.0,0,1091975033.039,0,-4556038.960999966,-0.41549565510168834,Wednesday,0,0,0.33349019510715316
2025-03-20,870076288.0,0,903802764.126,0,33726476.12600005,3.876266551698056,Thursday,0,0,0.3325912574412456
2025-03-21,1636349056.0,0,1928086426.595,0,291737370.595,17.828553726070044,Friday,0,0,0.4099744737719208
2025-03-22,1165224704.0,0,1298191787.1879995,0,132967083.18799949,11.411282539028583,Saturday,1,0,0.41020096693774993
2025-03-23,761813056.0,0,902717820.3079998,0,140904764.30799985,18.49597656514827,Sunday,1,0,0.4281645816353019
2025-03-24,-576908096.0,0,-1007510900.2160002,0,-430602804.2160002,74.63975756304869,Monday,0,0,0.48749073595609255
2025-03-25,-111915896.0,0,-84384138.27400023,0,27531757.725999773,-24.600399684062552,Tuesday,0,0,0.356063810852559
2025-03-26,302999040.0,0,243259458.52799988,0,-59739581.47200012,-19.716095955947623,Wednesday,0,0,0.3446662142876477
2025-03-27,431068992.0,0,334658509.0449999,0,-96410482.9550001,-22.365441436112413,Thursday,0,0,0.3484803981728073
2025-03-28,900385472.0,0,1018273118.037,0,117887646.03699994,13.093019568067835,Friday,0,0,0.35146438555301857
2025-03-29,1908211200.0,0,1867778724.3510003,0,-40432475.64899969,-2.11886795596838,Saturday,1,0,0.4020401299156115
2025-03-30,-2985257216.0,0,-3622728252.706,0,-637471036.7059999,21.35397356346261,Sunday,1,1,0.6632005424746866
2025-03-31,455136608.0,0,433664369.51300013,0,-21472238.48699987,-4.717756846972826,Monday,0,0,0.3385410903358536
2025-04-01,2172111616.0,0,2549950893.41,0,377839277.40999985,17.39502126073064,Tuesday,0,0,0.4567313897301227
2025-04-02,2600547584.0,0,2728678117.623,0,128130533.62300014,4.927059762771876,Wednesday,0,0,0.3786408544967909
2025-04-03,-286789408.0,0,-426210279.6360002,0,-139420871.63600022,48.61437268840843,Thursday,0,0,0.3762371011119484
2025-04-04,216571040.0,0,63164498.88299952,0,-153406541.1170005,-70.83428195985968,Friday,0,0,0.370316477173567
2025-04-05,3770243584.0,0,3690430928.414001,0,-79812655.58599901,-2.116909791311749,Saturday,1,0,0.4515873520637408
2025-04-06,1901877760.0,0,2025861717.3250003,0,123983957.32500029,6.519028716388181,Sunday,1,0,0.4049443675804809
2025-04-07,320966048.0,0,317472523.3020001,0,-3493524.6979998946,-1.0884405748734816,Monday,0,0,0.33585373690817766
2025-04-08,1771204096.0,0,1942911629.062,0,171707533.06200004,9.694395662802263,Tuesday,0,0,0.3744242599739132
2025-04-09,973333504.0,0,960353801.385,0,-12979702.61500001,-1.3335308567576043,Wednesday,0,0,0.3365759833593349
2025-04-10,-25322440.0,0,-185332998.4200005,0,-160010558.4200005,631.8923390478977,Thursday,0,0,0.4899471385697735
2025-04-11,893346944.0,0,870357493.5839996,0,-22989450.416000366,-2.5734067341255007,Friday,0,0,0.3350746979163571
2025-04-12,2523348224.0,0,2513858081.832,0,-9490142.168000221,-0.3760932430069636,Saturday,1,0,0.4009396021631866
2025-04-13,44887944.0,0,-68307627.23500025,0,-113195571.23500025,-252.17365989184145,Sunday,1,1,0.5676318004465468
2025-04-14,314608224.0,0,327859315.81299996,0,13251091.812999964,4.2119343367832505,Monday,0,0,0.33679178087707246
2025-04-15,498328288.0,0,463357747.1359999,0,-34970540.86400008,-7.0175708877277465,Tuesday,0,0,0.33592867574384694
2025-04-16,1351252992.0,0,1417364031.314,0,66111039.31399989,4.892573019664395,Wednesday,0,0,0.34019717188215515
2025-04-17,1829486080.0,0,2098802397.6400008,0,269316317.6400008,14.720872740392801,Thursday,0,0,0.40255888498090636
2025-04-18,1575096704.0,0,1613739526.8819995,0,38642822.88199949,2.4533619290717206,Friday,0,0,0.3397310366360723
2025-04-19,2647078144.0,0,2832761625.6530004,0,185683481.65300035,7.014658107992763,Saturday,1,0,0.429069946681585
2025-04-20,2165014528.0,0,2313315298.171,0,148300770.171,6.849874134932364,Sunday,1,0,0.4167335155032725
2025-04-21,59621196.0,0,-190018265.5749995,0,-249639461.5749995,-418.70924825962817,Monday,0,0,0.4597503495915515
2025-04-22,1054798784.0,0,1278975484.117,0,224176700.1170001,21.25302982118342,Tuesday,0,0,0.3792347734648172
2025-04-23,1286777344.0,0,1215365853.399,0,-71411490.60100007,-5.54963847739303,Wednesday,0,0,0.3419419140943678
2025-04-24,801225088.0,0,897731142.2799996,0,96506054.27999961,12.044811841937682,Thursday,0,0,0.34584417200641676
2025-04-25,700238592.0,0,523783747.357,0,-176454844.643,-25.19924589403379,Friday,0,0,0.36838055318060775
2025-04-26,560196928.0,0,317017223.4660002,0,-243179704.5339998,-43.40968191350021,Saturday,1,0,0.4964698566511624
2025-04-27,1087299712.0,0,1063064748.3499995,0,-24234963.650000453,-2.22891290989328,Sunday,1,0,0.3919281188825585
2025-04-28,840336512.0,0,914670315.73,0,74333803.73000002,8.84571866966552,Monday,0,0,0.3378803566786956
2025-04-29,1047455744.0,0,1276971076.814,0,229515332.8139999,21.911697379932445,Tuesday,0,0,0.3834903261656601
2025-04-30,1096186880.0,0,1289480927.6449995,0,193294047.6449995,17.633311543101073,Wednesday,0,0,0.36936978452877434
2025-05-01,840042432.0,0,743696901.655,0,-96345530.34500003,-11.469126638712464,Thursday,0,0,0.3475726423493181
2025-05-02,1274875776.0,0,1390688469.5420003,0,115812693.5420003,9.08423359532092,Friday,0,0,0.3545018222201472
2025-05-03,-285746144.0,0,-801591811.9790001,0,-515845667.9790001,180.5258544377768,Saturday,1,1,0.6482437797792846
2025-05-04,-1313364992.0,0,-1732905989.4510005,0,-419540997.45100045,31.943975970618872,Sunday,1,0,0.5613742204155963
2025-05-05,-465275968.0,0,-440162986.09200007,0,25112981.907999933,-5.397438001354056,Monday,0,0,0.3655919110628765
2025-05-06,49981008.0,0,-33161580.126000237,0,-83142588.12600024,-166.34836201382782,Tuesday,0,0,0.38975247695929427
2025-05-07,775843200.0,0,763280153.6239998,0,-12563046.376000166,-1.619276469265976,Wednesday,0,0,0.33644597896636014
2025-05-08,-253331520.0,0,-714949456.614,0,-461617936.61399996,182.21891086194088,Thursday,0,0,0.5065481447516339
2025-05-09,556770496.0,0,723163000.0499995,0,166392504.04999948,29.885294792991235,Friday,0,0,0.3790607001909724
2025-05-10,2437251072.0,0,2488659325.4160004,0,51408253.416000366,2.109271958338495,Saturday,1,0,0.4046476360860705
2025-05-11,1518635520.0,0,1592908997.8049998,0,74273477.80499983,4.890803410485212,Sunday,1,0,0.3979720677376264
2025-05-12,746146432.0,0,710924945.0430001,0,-35221486.9569999,-4.720452373214578,Monday,0,0,0.3371707914670252
2025-05-13,1004638528.0,0,1094900481.391,0,90261953.39100003,8.984520389705782,Tuesday,0,0,0.34366081311997376
2025-05-14,1179080320.0,0,1225967362.5460002,0,46887042.54600024,3.97657748591718,Wednesday,0,0,0.33691764052326906
2025-05-15,817828800.0,0,686215723.8529999,0,-131613076.14700007,-16.09298622731311,Thursday,0,0,0.35997603488422
2025-05-16,821264128.0,0,735264899.7669998,0,-85999228.23300016,-10.471567587206264,Friday,0,0,0.34711961806754676
2025-05-17,1334516096.0,0,1562698291.0239997,0,228182195.0239997,17.098497028843607,Saturday,1,0,0.4538156313141425
2025-05-18,1695561216.0,0,1808287983.2679996,0,112726767.26799965,6.648345468406824,Sunday,1,0,0.40366306616155967
2025-05-19,311963392.0,0,367311166.1000001,0,55347774.10000008,17.741752884902624,Monday,0,0,0.343669807696521
2025-05-20,-179211040.0,0,-685432928.4609996,0,-506221888.4609996,282.4724907913037,Tuesday,0,0,0.5643278622075842
2025-05-21,951980160.0,0,1226934356.338,0,274954196.33800006,28.882345230598087,Wednesday,0,0,0.39998074601762745
2025-05-22,1046832064.0,0,1063057281.034,0,16225217.03400004,1.5499350461240782,Thursday,0,0,0.33405146789286294
2025-05-23,744257664.0,0,563601233.3129997,0,-180656430.68700027,-24.273371901347364,Friday,0,0,0.36872444121391984
2025-05-24,1550649984.0,0,1543072715.791999,0,-7577268.208000898,-0.4886511002602183,Saturday,1,0,0.38994293727229434
2025-05-25,425153760.0,0,379458438.0630001,0,-45695321.93699992,-10.74795197318728,Sunday,1,0,0.4158390615989879
2025-05-26,728421184.0,0,917007195.7209998,0,188586011.72099984,25.889693471764797,Monday,0,0,0.3774893188657954
2025-05-27,758452672.0,0,727946605.9539999,0,-30506066.046000123,-4.022144976502914,Tuesday,0,0,0.33663403000571157
2025-05-28,499647040.0,0,401751044.553,0,-97895995.44700003,-19.593030201279692,Wednesday,0,0,0.351123390809679
2025-05-29,723480448.0,0,691068084.7170002,0,-32412363.282999754,-4.4800607082887955,Thursday,0,0,0.3350136848945908
2025-05-30,759863296.0,0,748446514.2870003,0,-11416781.712999701,-1.5024783764525589,Friday,0,0,0.33645137862590224
2025-05-31,900558848.0,0,883507807.2479998,0,-17051040.752000213,-1.8933844012379537,Saturday,1,0,0.3948509155411817
2025-06-01,439331296.0,0,215380766.7010001,0,-223950529.2989999,-50.97531893084164,Sunday,1,0,0.4858794266274665
2025-06-02,307340832.0,0,656852184.1840001,0,349511352.18400013,113.72109260900294,Monday,0,0,0.4769702760573866
2025-06-03,713853888.0,0,649138909.4760001,0,-64714978.52399993,-9.06557764997421,Tuesday,0,0,0.33957306075800575
2025-06-04,648339648.0,0,721848554.8199999,0,73508906.81999993,11.338024297412694,Wednesday,0,0,0.3388361060307875
2025-06-05,902573312.0,0,829386781.3200002,0,-73186530.67999983,-8.108652195557033,Thursday,0,0,0.3401124774753614
2025-06-06,1117289216.0,0,1478315852.62,0,361026636.6199999,32.31272900963897,Friday,0,0,0.4319507208087637
2025-06-07,1083562496.0,0,1056545301.37,0,-27017194.629999995,-2.4933674550138725,Saturday,1,0,0.3920452066043223
2025-06-08,646130304.0,0,793796227.0899998,0,147665923.0899998,22.853892191071072,Sunday,1,0,0.4407893080798758
2025-06-09,350249536.0,0,176744386.90000007,0,-173505149.09999993,-49.537581428801644,Monday,0,0,0.3702854373146998
2025-06-10,178304160.0,0,34427132.93000004,0,-143877027.06999996,-80.6919070592632,Tuesday,0,0,0.3762013167313944
2025-06-11,523447328.0,0,677417323.7800001,0,153969995.7800001,29.41461108766995,Wednesday,0,0,0.36953174784823395
2025-06-12,-60063972.0,0,-190993294.88,0,-130929322.88,217.98312452596375,Thursday,0,0,0.4169779938408404
2025-06-13,21140224.0,0,-187723486.78999972,0,-208863710.78999972,-987.9919474363172,Friday,0,0,0.530588832055542
2025-06-14,907354688.0,0,986029901.54,0,78675213.53999996,8.670833421648664,Saturday,1,0,0.4029425293875637
2025-06-15,1001521088.0,0,1148818000.9100003,0,147296912.91000032,14.707320162788257,Sunday,1,0,0.4184302435872245
2025-06-16,85303688.0,0,-98546310.79999974,0,-183849998.79999974,-215.5240917602528,Monday,0,0,0.40784539669179354
2025-06-17,843554560.0,0,984287341.3400002,0,140732781.34000015,16.683305148632016,Tuesday,0,0,0.35941513565892663
2025-06-18,808732480.0,0,880832737.8399999,0,72100257.83999991,8.91521728421244,Wednesday,0,0,0.33670480689965476
2025-06-19,782584128.0,0,825929113.4899999,0,43344985.48999989,5.53869979458616,Thursday,0,0,0.33589410783346213
2025-06-20,1234315520.0,0,1314811684.6599998,0,80496164.65999985,6.521522524483841,Friday,0,0,0.34175143217135284
2025-06-21,609493184.0,0,905702784.43,0,296209600.42999995,48.59932944385477,Saturday,1,0,0.5181834075706003
2025-06-22,500237376.0,0,277337752.5400001,0,-222899623.45999992,-44.55877032666986,Sunday,1,0,0.48092607668951065
2025-06-23,480433696.0,0,692857005.6599997,0,212423309.65999973,44.21490653727996,Monday,0,0,0.3990507411644136
2025-06-24,630870848.0,0,628678686.3199999,0,-2192161.6800000668,-0.3474818478218963,Tuesday,0,0,0.33345799691889155
2025-06-25,865859008.0,0,1080327826.89,0,214468818.8900001,24.769485205840823,Wednesday,0,0,0.38025418562878466
2025-06-26,195260752.0,0,-71157756.18000016,0,-266418508.18000016,-136.4424265763353,Thursday,0,0,0.41041243212678274
2025-06-27,183191840.0,0,-59166622.319999784,0,-242358462.31999978,-132.2976298070917,Friday,0,0,0.4040197454327476
2025-06-28,1280473344.0,0,1277580900.9099998,0,-2892443.0900001526,-0.2258885828083394,Saturday,1,0,0.392464496926089
2025-06-29,1021296256.0,0,1331933828.36,0,310637572.3599999,30.41601009844492,Sunday,1,0,0.4976251873324746
2025-06-30,566865472.0,0,612240796.7,0,45375324.70000005,8.00460196312681,Monday,0,0,0.33803922006468623
2025-07-01,1038359872.0,0,1421206412.9099998,0,382846540.90999985,36.870313581416966,Tuesday,0,0,0.44738564134340897
2025-07-02,484368096.0,0,311029479.55999994,0,-173338616.44000006,-35.786547023113606,Wednesday,0,0,0.366988140674665
2025-07-03,505091840.0,0,656753595.9699999,0,151661755.9699999,30.02657021146885,Thursday,0,0,0.37062970078228635
2025-07-04,661575296.0,0,225136721.80000037,0,-436438574.19999963,-65.9695996568771,Friday,0,0,0.4796658066282408
2025-07-05,-471950176.0,0,-668582696.4200003,0,-196632520.4200003,41.663830298052545,Saturday,1,0,0.49239754039831013
2025-07-06,710595904.0,0,851447647.0400001,0,140851743.04000008,19.821637339468833,Sunday,1,0,0.43171326007115773
2025-07-07,581616640.0,0,529219432.1400001,0,-52397207.859999895,-9.008890780703918,Monday,0,0,0.33812540115463924
2025-07-08,507564032.0,0,483217206.7100001,0,-24346825.289999902,-4.7967987790750115,Tuesday,0,0,0.3358288584176342
2025-07-09,326879936.0,0,179080362.37,0,-147799573.63,-45.21524797104708,Wednesday,0,0,0.3640707466604809
2025-07-10,326485056.0,0,154042453.78000003,0,-172442602.21999997,-52.817915874226095,Thursday,0,0,0.3706530489862225
2025-07-11,650724416.0,0,600911798.2299998,0,-49812617.77000022,-7.654948323008709,Friday,0,0,0.3369667003313371
2025-07-12,1400886784.0,0,1457379558.6999998,0,56492774.69999981,4.032643847113331,Saturday,1,0,0.39096115878069165
2025-07-13,706870720.0,0,652815461.3999997,0,-54055258.60000026,-7.647120904937223,Sunday,1,0,0.40737638774317414
2025-07-14,642426368.0,0,661967105.79,0,19540737.78999996,3.0417085542167475,Monday,0,0,0.3345169187785218
2025-07-15,946064320.0,0,753774819.6899999,0,-192289500.31000006,-20.325203714478953,Tuesday,0,0,0.37838384817419257
2025-07-16,739539968.0,0,989852438.75,0,250312470.75,33.84705108324855,Wednesday,0,0,0.4009393012591966
2025-07-17,1025269568.0,0,1212797456.18,0,187527888.18000007,18.290593423718988,Thursday,0,0,0.3661245866474284
2025-07-18,528236064.0,0,574264378.8699998,0,46028314.86999977,8.713588110863965,Friday,0,0,0.3393505164119059
2025-07-19,1175566464.0,0,1275009827.7700002,0,99443363.77000022,8.459186852917933,Saturday,1,0,0.3974481481177735
2025-07-20,466710464.0,0,73817016.04000008,0,-392893447.9599999,-84.1835523876319,Sunday,1,1,0.5746994267189095
2025-07-21,337173376.0,0,393839020.02,0,56665644.01999998,16.80608495612654,Monday,0,0,0.343669807696521
2025-07-22,412752608.0,0,323978499.40999985,0,-88774108.59000015,-21.507824994772694,Tuesday,0,0,0.3469679031140548
2025-07-23,654650304.0,0,742230037.29,0,87579733.28999996,13.37809403812634,Wednesday,0,0,0.34300006370684794
2025-07-24,1077143296.0,0,1062402701.02,0,-14740594.98000002,-1.3684896925729015,Thursday,0,0,0.33812904827091944
2025-07-25,545276992.0,0,580440645.2399998,0,35163653.23999977,6.448768929535133,Friday,0,0,0.3346673871190251
2025-07-26,1018418560.0,0,1055644328.2300004,0,37225768.23000038,3.6552523384884483,Saturday,1,0,0.39462535559862083
2025-07-27,447749312.0,0,-4866903.730000193,0,-452616215.7300002,-101.086970677467,Sunday,1,1,0.5893689196791216
2025-07-28,6550721.5,0,-102805711.99000008,0,-109356433.49000008,-1669.3799834109889,Monday,0,1,0.5835042733946979
2025-07-29,661468160.0,0,641689095.3600001,0,-19779064.639999866,-2.990176373719918,Tuesday,0,0,0.3363756937797503
2025-07-30,1131325696.0,0,1250252234.4399996,0,118926538.43999958,10.512139771993615,Wednesday,0,0,0.3526681394320144
2025-07-31,1099158656.0,0,1041126620.0799996,0,-58032035.920000434,-5.279677833879556,Thursday,0,0,0.3393077817936451
2025-08-01,545362624.0,0,427636632.3900004,0,-117725991.6099996,-21.586736316201897,Friday,0,0,0.35664823096447973
2025-08-02,1006577344.0,0,1052946659.7500004,0,46369315.75000036,4.606632170532974,Saturday,1,0,0.3944532931605851
2025-08-03,1387842816.0,0,1379565058.5000002,0,-8277757.499999762,-0.5964477680446315,Sunday,1,0,0.39140967948993144
2025-08-04,235503120.0,0,123165670.04999992,0,-112337449.95000008,-47.701045298253405,Monday,0,0,0.3613263491047775
2025-08-05,1702751616.0,0,2280950950.89,0,578199334.8899999,33.95676324467513,Tuesday,0,0,0.5392632068783226
2025-08-06,919374592.0,0,800259519.0800003,0,-119115072.91999972,-12.95609797752598,Wednesday,0,0,0.35693265717817013
2025-08-07,562304320.0,0,484002479.9699999,0,-78301840.03000009,-13.925171343161669,Thursday,0,0,0.34358719953299716
2025-08-08,981632640.0,0,1152250458.2799995,0,170617818.2799995,17.38102537829218,Friday,0,0,0.36745287286902883
2025-08-09,1809860608.0,0,1947011015.7600005,0,137150407.76000047,7.577954189055451,Saturday,1,0,0.4084219708992607
2025-08-10,1632616832.0,0,1795297913.6800003,0,162681081.6800003,9.964437367750984,Sunday,1,0,0.4175988980089894
2025-08-11,116650040.0,0,80937418.18000023,0,-35712621.81999977,-30.615181803623702,Monday,0,0,0.3507907758512316
2025-08-12,247434208.0,0,109839593.7100001,0,-137594614.2899999,-55.608565768723416,Tuesday,0,0,0.36511132168819144
2025-08-13,1038262592.0,0,1124308453.8099997,0,86045861.8099997,8.287485504437754,Wednesday,0,0,0.34090075985873947
2025-08-14,1074496896.0,0,1111737393.23,0,37240497.23000002,3.465854333189253,Thursday,0,0,0.332601565659397
2025-08-15,1172959232.0,0,1248606213.57,0,75646981.56999993,6.4492421821869375,Friday,0,0,0.33799217743583826
2025-08-16,-448364768.0,0,-746448526.4299995,0,-298083758.4299995,66.48242228301031,Saturday,1,0,0.5108663940903817
2025-08-17,625203968.0,0,510385059.9299997,0,-114818908.07000029,-18.365031885082388,Sunday,1,0,0.44063428934030807
2025-08-18,890159040.0,0,951289690.33,0,61130650.33000004,6.867385218039244,Monday,0,0,0.33570892753734716
2025-08-19,1088800512.0,0,1161488232.5,0,72687720.5,6.675944739085502,Tuesday,0,0,0.33798432287239183
2025-08-20,693792128.0,0,428218863.3499999,0,-265573264.6500001,-38.27850647651051,Wednesday,0,0,0.40758086771527424
2025-08-21,491612608.0,0,500261161.36999995,0,8648553.369999945,1.7592212301438666,Thursday,0,0,0.3327832663081962
2025-08-22,857748480.0,0,800961301.1299998,0,-56787178.87000024,-6.6204930925672105,Friday,0,0,0.3384447322876929
2025-08-23,3224904192.0,0,3395858724.3999996,0,170954532.39999962,5.301073217123332,Saturday,1,0,0.4365017046257378
2025-08-24,2558526464.0,0,3016982568.4500003,0,458456104.4500003,17.918755615810596,Sunday,1,1,0.573126717512487
2025-08-25,-183757696.0,0,-454160385.85999954,0,-270402689.85999954,147.15176329812033,Monday,0,0,0.43792316825606437
2025-08-26,1161763456.0,0,1162030556.76,0,267100.75999999046,0.022990976228468185,Tuesday,0,0,0.3343030801934817
2025-08-27,1549352576.0,0,1635391079.7499998,0,86038503.74999976,5.553190738038942,Wednesday,0,0,0.3465758348267092
2025-08-28,1184396160.0,0,1268729091.54,0,84332931.53999996,7.120331388105814,Thursday,0,0,0.3446153942124371
2025-08-29,788873856.0,0,771937722.0800002,0,-16936133.919999838,-2.1468747875452268,Friday,0,0,0.33520155326406814
2025-08-30,4098088448.0,0,4279499381.92,0,181410933.92000008,4.4267208046359885,Saturday,1,0,0.4608091763036903
2025-08-31,2677797376.0,0,2897723132.9599996,0,219925756.95999956,8.212934964053066,Sunday,1,0,0.4457814940995015
2025-09-01,53498144.0,0,200346291.7899999,0,146848147.7899999,274.49204179868354,Monday,0,0,0.48130570727684413
2025-09-02,-41801996.0,0,-121755418.69,0,-79953422.69,191.26699760939644,Tuesday,0,0,0.40290385492986097
2025-09-03,797278272.0,0,819463285.56,0,22185013.559999943,2.7825935233815007,Wednesday,0,0,0.33164247661045326
2025-09-04,1639098496.0,0,1777907581.66,0,138809085.6600001,8.468623819663373,Thursday,0,0,0.36066920807375136
2025-09-05,15756491.0,0,-133797333.31000008,0,-149553824.31000006,-949.1569176791968,Friday,0,0,0.5123814264034808
2025-09-06,-911891968.0,0,-1206827616.6399994,0,-294935648.6399994,32.343266416400695,Saturday,1,0,0.5020099123298702
2025-09-07,-1692345088.0,0,-2079634453.6399996,0,-387289365.6399996,22.884775001633688,Sunday,1,0,0.5550797021878714
2025-09-08,-672744640.0,0,-640218417.9600002,0,32526222.039999843,-4.834854134252165,Monday,0,0,0.36656399700628634
2025-09-09,14401147.0,0,-112990786.2999996,0,-127391933.2999996,-884.5957429640819,Tuesday,0,0,0.5047477437342064
2025-09-10,660047552.0,0,688564742.3900001,0,28517190.390000105,4.320475139039695,Wednesday,0,0,0.333204813550881
2025-09-11,544454272.0,0,556404795.9100002,0,11950523.910000205,2.194954567277269,Thursday,0,0,0.3329736356209327
2025-09-12,1306124288.0,0,1509919323.2000003,0,203795035.2000003,15.603035413426161,Friday,0,0,0.371611825172293
2025-09-13,3657958656.0,0,3763947790.96,0,105989134.96000004,2.897494065061408,Saturday,1,0,0.43187062005054394
2025-09-14,-89267352.0,0,-341822904.39999795,0,-252555552.39999795,282.92040341915595,Sunday,1,1,0.5968893090974796
2025-09-15,750209856.0,0,804573225.5599996,0,54363369.559999585,7.246421667912556,Monday,0,0,0.33423451292225864
2025-09-16,2422796544.0,0,2416422864.61,0,-6373679.3899998665,-0.26307117722221196,Tuesday,0,0,0.3540850409464797
2025-09-17,-1397765760.0,0,-1632960808.1400006,0,-235195048.14000058,16.826499465833287,Wednesday,0,0,0.43037213610254166
2025-09-18,-5698040832.0,0,-5947343412.510001,0,-249302580.51000118,4.375233310191926,Thursday,0,0,0.5467486605331207
2025-09-19,-1245855616.0,0,-1308735051.3799996,0,-62879435.37999964,5.0470884886230385,Friday,0,0,0.39083935280122234
2025-09-20,-1910427776.0,0,-2109392377.880001,0,-198964601.88000107,10.414662327438913,Saturday,1,0,0.5132176205404102
2025-09-21,2961287936.0,0,3085040829.83,0,123752893.82999992,4.179022658538258,Sunday,1,0,0.4163448215371648
2025-09-22,1305503232.0,0,1333740862.07,0,28237630.069999933,2.1629689898768425,Monday,0,0,0.33894010373024114
2025-09-23,853733632.0,0,793365073.1599996,0,-60368558.84000039,-7.071123425063848,Tuesday,0,0,0.3384447322876929
2025-09-24,2556802560.0,0,2551624254.07,0,-5178305.929999828,-0.20253053603011992,Wednesday,0,0,0.35679774726062125
2025-09-25,1095734016.0,0,1147241265.7200005,0,51507249.720000505,4.70070737678007,Thursday,0,0,0.33562636577634475
2025-09-26,-1532078080.0,0,-1990119004.62,0,-458040924.6199999,29.89670896015952,Friday,0,0,0.5142244748282294
2025-09-27,4151070720.0,0,4207368948.15,0,56298228.150000095,1.3562338959621505,Saturday,1,0,0.42983835636449325
2025-09-28,758823040.0,0,718141911.9300007,0,-40681128.06999934,-5.3610823506359715,Sunday,1,0,0.401189129147457
2025-09-29,-483628544.0,0,-791891054.0999995,0,-308262510.09999955,63.73951949783997,Monday,0,0,0.4422333852417327
2025-09-30,383204800.0,0,409021586.80000025,0,25816786.80000025,6.737072917667067,Tuesday,0,0,0.3363529268025014
2025-10-01,1427255040.0,0,1541387697.9199994,0,114132657.91999936,7.996654747843761,Wednesday,0,0,0.3544196346823088
2025-10-02,810259584.0,0,737878355.2000009,0,-72381228.79999912,-8.933091348660815,Thursday,0,0,0.34240534284436647
2025-10-03,2286288640.0,0,2454340303.2799997,0,168051663.27999973,7.350413256656855,Friday,0,0,0.38331717635659274
2025-10-04,-563535744.0,0,-874236223.0200008,0,-310700479.0200008,55.13412100794813,Saturday,1,0,0.5091756550776755
2025-10-05,2782704640.0,0,2888418181.9800005,0,105713541.9800005,3.79894942713002,Sunday,1,0,0.4109882218944444
2025-10-06,24999176.0,0,-12407650.650000162,0,-37406826.65000016,-149.63223847858092,Monday,0,0,0.3887126544449118
2025-10-07,537747200.0,0,638825682.9900001,0,101078482.99000013,18.79665444840998,Tuesday,0,0,0.34999251752151983
2025-10-08,1727649408.0,0,1765939205.1300004,0,38289797.13000035,2.2162944028283054,Wednesday,0,0,0.34590850630881587
2025-10-09,516237248.0,0,504839726.44999975,0,-11397521.55000025,-2.207806893856727,Thursday,0,0,0.3362165913264864
2025-10-10,2217832448.0,0,2339881594.7900004,0,122049146.79000044,5.50308238568978,Friday,0,0,0.37191144655059016
2025-10-11,2287884032.0,0,2486254224.21,0,198370192.21000004,8.670465348568857,Saturday,1,0,0.4361280327853103
2025-10-12,828469248.0,0,858532361.61,0,30063113.610000014,3.6287543179876742,Sunday,1,0,0.3995946198987265
2025-10-13,2272690432.0,0,2937135564.7100005,0,664445132.7100005,29.23605975342974,Monday,0,1,0.5898126426264907
2025-10-14,1212773760.0,0,1267750931.3,0,54977171.29999995,4.533176187782951,Tuesday,0,0,0.3379156303279759
2025-10-15,544877056.0,0,610085192.84,0,65208136.84000003,11.967495441760725,Wednesday,0,0,0.33963414129666447
2025-10-16,759110272.0,0,802811077.7700002,0,43700805.77000022,5.7568455311325595,Thursday,0,0,0.33589410783346213
2025-10-17,1662067968.0,0,1811660876.36,0,149592908.3599999,9.000408601821986,Friday,0,0,0.36313373312444247
2025-10-18,476113632.0,0,336886763.11999893,0,-139226868.88000107,-29.24236138653578,Saturday,1,0,0.4591631338561067
2025-10-19,700737856.0,0,696485196.4300005,0,-4252659.569999456,-0.6068830923841877,Sunday,1,0,0.3964865739220941
2025-10-20,526728864.0,0,540300619.3999999,0,13571755.399999857,2.5766112942692003,Monday,0,0,0.33358567234475694
2025-10-21,-11207020544.0,0,-11994343007.37,0,-787322463.3700008,7.025261176946057,Tuesday,0,1,0.7413616889859823
2025-10-22,-11690947584.0,0,-11987020652.36,0,-296073068.3600006,2.5324984671490647,Wednesday,0,1,0.660060141167407
2025-10-23,7074168832.0,0,7148349059.93,0,74180227.9300003,1.048606976899478,Thursday,0,0,0.4770107773712961
2025-10-24,4973304320.0,0,4987461925.96,0,14157605.960000038,0.28467202183999946,Friday,0,0,0.40841042687906104
2025-10-25,5027378688.0,0,5031713028.700002,0,4334340.700001717,0.08621472478982901,Saturday,1,0,0.4514261743777478
2025-10-26,1408144768.0,0,1447135141.415,0,38990373.41499996,2.7689179622048603,Sunday,1,0,0.39241375422606145
2025-10-27,658176832.0,0,636084387.1359993,0,-22092444.864000678,-3.3566123555076275,Monday,0,0,0.336020969967242
2025-10-28,1301912320.0,0,1283504685.1571,0,-18407634.842900038,-1.413892054028649,Tuesday,0,0,0.34208415500105055
2025-10-29,3952032768.0,0,4112258879.7787,0,160226111.77869987,4.0542708318632,Wednesday,0,0,0.42383961471382725
2025-10-30,299236416.0,0,236585028.8929,0,-62651387.10710001,-20.93708644976553,Thursday,0,0,0.3446662142876477
2025-10-31,1628737792.0,0,1835220448.7914,0,206482656.79139996,12.677464586724588,Friday,0,0,0.37802817240943126
2025-11-01,4314804736.0,0,4330479828.701001,0,15675092.701001167,0.36328625882460247,Saturday,1,0,0.42835679158833884
2025-11-02,-1485253376.0,0,-1557985992.3291998,0,-72732616.32919979,4.896983740584327,Sunday,1,0,0.4868486160264021
2025-11-03,434153280.0,0,558650074.0500002,0,124496794.05000019,28.675769546184288,Monday,0,0,0.36487603310993233
2025-11-04,3527665920.0,0,3554494750.26,0,26828830.26000023,0.7605263896418011,Tuesday,0,0,0.38005134365665505
2025-11-05,5444974080.0,0,5483791233.5476,0,38817153.54759979,0.7128987755915964,Wednesday,0,0,0.4138757160556211
2025-11-06,3818854400.0,0,3862464301.65,0,43609901.650000095,1.14196293134402,Thursday,0,0,0.38721448468902964
2025-11-07,1852113280.0,0,1826370240.205,0,-25743039.795000076,-1.3899279311360522,Friday,0,0,0.35286365021153693
2025-11-08,7975327232.0,0,8005019930.000001,0,29692698.000000954,0.3723069553919083,Saturday,1,0,0.5283549156127851
2025-11-09,3450161664.0,0,3411154864.77,0,-39006799.23000002,-1.1305788837957484,Sunday,1,0,0.4239373246796039
2025-11-10,-1042298432.0,0,-1081803963.78,0,-39505531.77999997,3.790232295005503,Monday,0,0,0.378061302580527
2025-11-11,933764160.0,0,945201868.2850002,0,11437708.285000205,1.2249033294445788,Tuesday,0,0,0.332164245533191
2025-11-12,658858432.0,0,604567009.8899999,0,-54291422.11000013,-8.240225740937339,Wednesday,0,0,0.3369667003313371
2025-11-13,1511508224.0,0,1530836365.17,0,19328141.170000076,1.2787321208779658,Thursday,0,0,0.3388624975837433
2025-11-14,2450130944.0,0,2588921545.7999997,0,138790601.7999997,5.664619768175121,Friday,0,0,0.3792668863290742
2025-11-15,1925568256.0,0,1978217724.45,0,52649468.45000005,2.7342301830094176,Saturday,1,0,0.39773077680065727
2025-11-16,1016716736.0,0,1113143387.965,0,96426651.96499991,9.484121638871096,Sunday,1,0,0.4029385777014076
2025-11-17,-487912192.0,0,-594783778.3699999,0,-106871586.36999989,21.903856497605183,Monday,0,0,0.37330935709251317
2025-11-18,-299973152.0,0,-538824518.93,0,-238851366.92999995,79.62424814938103,Tuesday,0,0,0.4044872040499448
2025-11-19,1212563200.0,0,1320653596.85,0,108090396.8499999,8.914207263588397,Wednesday,0,0,0.3504517067028582
2025-11-20,776039296.0,0,752389701.3700001,0,-23649594.629999876,-3.0474738524065508,Thursday,0,0,0.3350746979163571
2025-11-21,1170287488.0,0,1215959284.6146002,0,45671796.61460018,3.9026134247280084,Friday,0,0,0.33668976375622867
2025-11-22,3240036864.0,0,3318006254.7725,0,77969390.77250004,2.406435298277521,Saturday,1,0,0.4230564548145425
2025-11-23,989456768.0,0,1015998427.1649996,0,26541659.164999604,2.682447583702778,Sunday,1,0,0.39673983538557406
2025-11-24,2308942336.0,0,2459289631.26,0,150347295.26000023,6.511522306809148,Monday,0,0,0.37252859272175154
2025-11-25,3606380288.0,0,3847231388.91,0,240851100.90999985,6.678472087689046,Tuesday,0,0,0.447834692268105
2025-11-26,2717095936.0,0,2842266849.43,0,125170913.42999983,4.606790351844236,Wednesday,0,0,0.3794098965536374
2025-11-27,-2161012224.0,0,-2621541983.4526005,0,-460529759.4526005,21.310835465806257,Thursday,0,0,0.5334005982621899
2025-11-28,-29655718.0,0,-29515360.80110001,0,140357.1988999918,-0.47328882376070547,Friday,0,0,0.34164271289533016
2025-11-29,134814784.0,0,72245294.50099903,0,-62569489.49900097,-46.41144512682004,Saturday,1,0,0.46561298207050134
2025-11-30,2420652288.0,0,2452660419.8230004,0,32008131.82300043,1.3222936636408158,Sunday,1,0,0.4047858870173481
2025-12-01,1731374720.0,0,1754803519.0800002,0,23428799.080000162,1.3531905490684397,Monday,0,0,0.34662996348004305
2025-12-02,1415807104.0,0,1421169604.05,0,5362500.049999952,0.37875922749995977,Tuesday,0,0,0.3378275899288666
2025-12-03,2925349376.0,0,3013101334.74,0,87751958.73999977,2.9997086659094414,Wednesday,0,0,0.3747163385237281
2025-12-04,2304140544.0,0,2309668690.680001,0,5528146.680000782,0.2399222866155504,Thursday,0,0,0.3572734257396653
2025-12-05,1729957504.0,0,1850477553.89,0,120520049.8900001,6.966648002123415,Friday,0,0,0.36081449003177263
2025-12-06,1745215232.0,0,1728525152.6399992,0,-16690079.360000849,-0.9563335830431743,Saturday,1,0,0.3933013430366605
2025-12-07,2456823296.0,0,2542791999.0399995,0,85968703.03999949,3.499181368882603,Sunday,1,0,0.40654976154792394
